c10_equiv_abs,c10_imping_rate,c10_mc_hits,c11_equiv_abs,c11_imping_rate,c11_mc_hits,c12_equiv_abs,c12_imping_rate,c12_mc_hits,c13_equiv_abs,c13_imping_rate,c13_mc_hits,c14_equiv_abs,c14_imping_rate,c14_mc_hits,c15_equiv_abs,c15_imping_rate,c15_mc_hits,c16_equiv_abs,c16_imping_rate,c16_mc_hits,c17_equiv_abs,c17_imping_rate,c17_mc_hits,c18_equiv_abs,c18_imping_rate,c18_mc_hits,c19_equiv_abs,c19_imping_rate,c19_mc_hits,c1_equiv_abs,c1_imping_rate,c1_mc_hits,c20_equiv_abs,c20_imping_rate,c20_mc_hits,c21_equiv_abs,c21_imping_rate,c21_mc_hits,c22_equiv_abs,c22_imping_rate,c22_mc_hits,c23_equiv_abs,c23_imping_rate,c23_mc_hits,c24_equiv_abs,c24_imping_rate,c24_mc_hits,c25_equiv_abs,c25_imping_rate,c25_mc_hits,c26_equiv_abs,c26_imping_rate,c26_mc_hits,c27_equiv_abs,c27_imping_rate,c27_mc_hits,c28_equiv_abs,c28_imping_rate,c28_mc_hits,c29_equiv_abs,c29_imping_rate,c29_mc_hits,c2_equiv_abs,c2_imping_rate,c2_mc_hits,c30_equiv_abs,c30_imping_rate,c30_mc_hits,c31_equiv_abs,c31_imping_rate,c31_mc_hits,c32_equiv_abs,c32_imping_rate,c32_mc_hits,c33_equiv_abs,c33_imping_rate,c33_mc_hits,c34_equiv_abs,c34_imping_rate,c34_mc_hits,c35_equiv_abs,c35_imping_rate,c35_mc_hits,c36_equiv_abs,c36_imping_rate,c36_mc_hits,c3_equiv_abs,c3_imping_rate,c3_mc_hits,c4_equiv_abs,c4_imping_rate,c4_mc_hits,c5_equiv_abs,c5_imping_rate,c5_mc_hits,c6_equiv_abs,c6_imping_rate,c6_mc_hits,c7_equiv_abs,c7_imping_rate,c7_mc_hits,c8_equiv_abs,c8_imping_rate,c8_mc_hits,c9_equiv_abs,c9_imping_rate,c9_mc_hits,cback_equiv_abs,cback_imping_rate,cback_mc_hits,cfront_equiv_abs,cfront_imping_rate,cfront_mc_hits,deflector_equiv_abs,deflector_imping_rate,deflector_mc_hits,plate_back_equiv_abs,plate_back_imping_rate,plate_back_mc_hits,plate_front_equiv_abs,plate_front_imping_rate,plate_front_mc_hits,total_des,error
0.0,3.917211802848824e+18,3243.0,0.0,4.029546276381026e+18,3336.0,0.0,4.0754463838457994e+18,3374.0,0.0,4.060951613067452e+18,3362.0,0.0,4.117722798615988e+18,3409.0,0.0,3.9594882176190126e+18,3278.0,0.0,4.0259225836864415e+18,3333.0,0.0,4.1140991059214e+18,3406.0,0.0,4.0198830958621297e+18,3328.0,0.0,4.036793661770206e+18,3342.0,0.0,3.948617139535243e+18,3269.0,0.0,4.0718226911512136e+18,3371.0,0.0,4.050080534983695e+18,3353.0,0.0,4.0537042276782756e+18,3356.0,0.0,4.1539597255618504e+18,3439.0,0.0,4.062159510632315e+18,3363.0,0.0,4.0742384862809385e+18,3373.0,0.0,3.9763987835270835e+18,3292.0,0.0,3.814540509835519e+18,3158.0,0.0,4.054912125243142e+18,3357.0,0.0,4.0367936617702036e+18,3342.0,0.0,4.0090120177783644e+18,3319.0,0.0,4.213146706240117e+18,3488.0,0.0,4.0343778666404787e+18,3340.0,0.0,3.931706573627173e+18,3255.0,0.0,4.0971885400133263e+18,3392.0,0.0,4.1225543888754376e+18,3413.0,0.0,4.1430886474780974e+18,3430.0,0.0,4.0392094568998236e+18,3344.0,0.0,4.2155625013698417e+18,3490.0,0.0,4.017467300732397e+18,3326.0,0.0,4.0126357104729503e+18,3322.0,0.0,3.867688002689465e+18,3202.0,0.0,4.0392094568999214e+18,3344.0,0.0,3.963111910313592e+18,3281.0,0.0,4.1684544963401994e+18,3451.0,0.0,3.021244139217085e+18,6581.0,0.0,1.0295942719262822e+19,130711.0,0.0,6.974215951462697e+18,277214.0,8985.0,4.1248865811982203e+18,8985.0,51079.0,2.344964737685297e+19,51079.0,100000.0,
0.0,3.332589381455413e+18,2759.0,0.0,3.4884081673226624e+18,2888.0,0.0,3.3978158499579827e+18,2813.0,0.0,3.377281591355323e+18,2796.0,0.0,3.5113582210550533e+18,2907.0,0.0,3.4207659036903736e+18,2832.0,0.0,3.4171422109957827e+18,2829.0,0.0,3.4123106207363343e+18,2825.0,0.0,3.3048077374635776e+18,2736.0,0.0,3.4533791379416576e+18,2859.0,0.0,3.251660244609628e+18,2692.0,0.0,3.4364685720335816e+18,2845.0,0.0,3.357955230317528e+18,2780.0,0.0,3.4606265233308283e+18,2865.0,0.0,3.4473396501173366e+18,2854.0,0.0,3.384528976744498e+18,2802.0,0.0,3.453379137941655e+18,2859.0,0.0,3.4461317525524813e+18,2853.0,0.0,3.461834420895693e+18,2866.0,0.0,3.4195580061255096e+18,2831.0,0.0,3.3337972790202757e+18,2760.0,0.0,3.3652026157066957e+18,2786.0,0.0,3.3555394351878e+18,2778.0,0.0,3.348292049798625e+18,2772.0,0.0,3.465458113590279e+18,2869.0,0.0,3.466666011155143e+18,2870.0,0.0,3.467873908720006e+18,2871.0,0.0,3.336213074150001e+18,2762.0,0.0,3.397815849957896e+18,2813.0,0.0,3.399023747522846e+18,2814.0,0.0,3.5089424259253197e+18,2905.0,0.0,3.330173586325684e+18,2757.0,0.0,3.504110835665877e+18,2901.0,0.0,3.4485475476822e+18,2855.0,0.0,3.485992372192937e+18,2886.0,0.0,3.3712421035310044e+18,2791.0,0.0,2.5786853563261455e+18,5617.0,0.0,5.09901657847281e+18,64734.0,0.0,6.616792855867127e+18,263007.0,8058.0,3.6993139756589046e+18,8058.0,49945.0,2.292904399531944e+19,49945.0,100000.0,
0.0,2.942438468004852e+18,2436.0,0.0,2.952101648523749e+18,2444.0,0.0,2.9134489264481526e+18,2412.0,0.0,2.8856672824563185e+18,2389.0,0.0,2.96055693147779e+18,2451.0,0.0,2.8325197896023747e+18,2345.0,0.0,2.942438468004852e+18,2436.0,0.0,3.018536014591186e+18,2499.0,0.0,2.9001620532346675e+18,2401.0,0.0,2.971428009561552e+18,2460.0,0.0,2.9992096535533824e+18,2483.0,0.0,2.93639898018054e+18,2431.0,0.0,2.890498872715772e+18,2393.0,0.0,2.865133023853656e+18,2372.0,0.0,3.0088728340722796e+18,2491.0,0.0,2.8820435897617316e+18,2386.0,0.0,2.8880830775860434e+18,2391.0,0.0,2.9593490339129267e+18,2450.0,0.0,2.755214345451178e+18,2281.0,0.0,2.956933238783203e+18,2448.0,0.0,2.970220111996688e+18,2459.0,0.0,2.9533095460886113e+18,2445.0,0.0,2.845806662815859e+18,2356.0,0.0,2.836143482296959e+18,2348.0,0.0,2.879627794632006e+18,2384.0,0.0,2.932775287485954e+18,2428.0,0.0,2.921904209402193e+18,2419.0,0.0,2.862717228723933e+18,2370.0,0.0,2.9170726191426657e+18,2415.0,0.0,2.8808356921968686e+18,2385.0,0.0,2.869964614113102e+18,2376.0,0.0,2.8494303555104425e+18,2359.0,0.0,2.9726359071264123e+18,2461.0,0.0,2.9557253412183337e+18,2447.0,0.0,2.970220111996685e+18,2459.0,0.0,2.952101648523746e+18,2444.0,0.0,2.1811169891232896e+18,4751.0,0.0,4.090461440975269e+18,51930.0,0.0,6.406620930717173e+18,254653.0,6993.0,3.210387519456778e+18,6993.0,49316.0,2.2640278980341846e+19,49316.0,100000.0,
0.0,2.495516369005757e+18,2066.0,0.0,2.472566315273369e+18,2047.0,0.0,2.500347959265206e+18,2070.0,0.0,2.512426934913831e+18,2080.0,0.0,2.490684778746309e+18,2062.0,0.0,2.459279442059887e+18,2036.0,0.0,2.52209011543273e+18,2088.0,0.0,2.587316583935302e+18,2142.0,0.0,2.578861300981264e+18,2135.0,0.0,2.5981876620190643e+18,2151.0,0.0,2.540208578905664e+18,2103.0,0.0,2.470150520143646e+18,2045.0,0.0,2.524505910562458e+18,2090.0,0.0,2.479813700662545e+18,2053.0,0.0,2.6235535108811684e+18,2172.0,0.0,2.418210924854563e+18,2002.0,0.0,2.510011139784106e+18,2078.0,0.0,2.4532399542355727e+18,2031.0,0.0,2.540208578905667e+18,2103.0,0.0,2.5559112472488796e+18,2116.0,0.0,2.5329611935164923e+18,2097.0,0.0,2.46290313475447e+18,2039.0,0.0,2.6078508425379625e+18,2159.0,0.0,2.5522875545542907e+18,2113.0,0.0,2.4351214907626363e+18,2016.0,0.0,2.555911247248879e+18,2116.0,0.0,2.4870610860517217e+18,2059.0,0.0,2.5462480667299794e+18,2108.0,0.0,2.493100573875968e+18,2064.0,0.0,2.5377927837759416e+18,2101.0,0.0,2.5015558568300646e+18,2071.0,0.0,2.524505910562452e+18,2090.0,0.0,2.483437393357133e+18,2056.0,0.0,2.5776534034163973e+18,2134.0,0.0,2.4230425151140096e+18,2006.0,0.0,2.473774212838229e+18,2048.0,0.0,1.9423923344518287e+18,4231.0,0.0,3.2741808341424804e+18,41567.0,0.0,6.337133875741811e+18,251891.0,5798.0,2.661779899586787e+18,5798.0,48831.0,2.2417622331273273e+19,48831.0,100000.0,
0.0,2.2249473144765752e+18,1842.0,0.0,2.2225315193468488e+18,1840.0,0.0,2.1790472070118026e+18,1804.0,0.0,2.2358183925603372e+18,1851.0,0.0,2.099325967730885e+18,1738.0,0.0,2.1705919240577687e+18,1797.0,0.0,2.212868338827951e+18,1832.0,0.0,2.063089040785012e+18,1708.0,0.0,2.0860390945173972e+18,1727.0,0.0,2.2092446461333652e+18,1829.0,0.0,2.166968231363177e+18,1794.0,0.0,2.1621366411037297e+18,1790.0,0.0,2.189918285095568e+18,1813.0,0.0,2.1730077191874903e+18,1799.0,0.0,2.1693840264929e+18,1796.0,0.0,2.2007893631793275e+18,1822.0,0.0,2.1657603337983168e+18,1793.0,0.0,2.2007893631793275e+18,1822.0,0.0,2.2442736755143744e+18,1858.0,0.0,2.2044130558739156e+18,1825.0,0.0,2.1464339727605181e+18,1777.0,0.0,2.2140762363928118e+18,1833.0,0.0,2.1210681238984077e+18,1756.0,0.0,2.1705919240577664e+18,1797.0,0.0,2.2189078266522632e+18,1837.0,0.0,2.1766314118820795e+18,1802.0,0.0,2.1669682313631805e+18,1794.0,0.0,2.1548892557145554e+18,1784.0,0.0,2.1766314118820224e+18,1802.0,0.0,2.088454889647122e+18,1729.0,0.0,2.1246918165929907e+18,1759.0,0.0,2.26360003655217e+18,1874.0,0.0,2.148849767890243e+18,1779.0,0.0,2.1693840264929006e+18,1796.0,0.0,2.2213236217819858e+18,1839.0,0.0,2.1089891482497792e+18,1746.0,0.0,1.6719907544489626e+18,3642.0,0.0,2.607167017809367e+18,33099.0,0.0,6.239721175935655e+18,248019.0,5017.0,2.3032338317052278e+18,5017.0,48632.0,2.2326264242274e+19,48632.0,100000.0,
0.0,4.5441106390124196e+18,3762.0,0.0,4.4160734971369994e+18,3656.0,0.0,4.511497404761132e+18,3735.0,0.0,4.470428887555812e+18,3701.0,0.0,4.548942229271872e+18,3766.0,0.0,4.406410316618108e+18,3648.0,0.0,4.6020897221258153e+18,3810.0,0.0,4.4849236583341624e+18,3713.0,0.0,4.5006263266773724e+18,3726.0,0.0,4.490963146158476e+18,3718.0,0.0,4.5211605852800287e+18,3743.0,0.0,4.517536892585446e+18,3740.0,0.0,4.379836570191136e+18,3626.0,0.0,4.538071151188105e+18,3757.0,0.0,4.5078737120665385e+18,3732.0,0.0,4.413657702007279e+18,3654.0,0.0,4.5501501268367314e+18,3767.0,0.0,4.451102526518014e+18,3685.0,0.0,4.58397125865288e+18,3795.0,0.0,4.4039945214883814e+18,3646.0,0.0,4.528407970669208e+18,3749.0,0.0,4.571892283004251e+18,3785.0,0.0,4.506665814501685e+18,3731.0,0.0,4.3858760580154424e+18,3631.0,0.0,4.4148655995721405e+18,3655.0,0.0,4.509081609631411e+18,3733.0,0.0,4.5537738195313213e+18,3770.0,0.0,4.387083955580306e+18,3632.0,0.0,4.413657702007164e+18,3654.0,0.0,4.4933789412881976e+18,3720.0,0.0,4.527200073104337e+18,3748.0,0.0,4.6093371075149844e+18,3816.0,0.0,4.586387053782604e+18,3797.0,0.0,4.442647243563969e+18,3678.0,0.0,4.475260477815257e+18,3705.0,0.0,4.550150126836723e+18,3767.0,0.0,2.8045556065152973e+18,6109.0,0.0,9.615695752109685e+18,122075.0,0.0,7.844892272457384e+18,311822.0,9678.0,4.4430330921353784e+18,9678.0,37657.0,1.7287796771083074e+19,37657.0,100000.0,
0.0,3.873727490513777e+18,3207.0,0.0,3.8531932319111127e+18,3190.0,0.0,3.7795114804545065e+18,3129.0,0.0,3.7650167096761595e+18,3117.0,0.0,4.0609516130674545e+18,3362.0,0.0,3.836282666003046e+18,3176.0,0.0,3.862856412430015e+18,3198.0,0.0,3.9160039052839634e+18,3242.0,0.0,3.913588110154237e+18,3240.0,0.0,3.8024615341868964e+18,3148.0,0.0,3.8845985685975347e+18,3216.0,0.0,3.7891746609734077e+18,3137.0,0.0,3.879766978338094e+18,3212.0,0.0,3.8858064661623997e+18,3217.0,0.0,3.885806466162394e+18,3217.0,0.0,3.8374905635679053e+18,3177.0,0.0,3.8761432856435016e+18,3209.0,0.0,3.7903825585382707e+18,3138.0,0.0,3.924459188237999e+18,3249.0,0.0,3.9232512906731387e+18,3248.0,0.0,3.7770956853247836e+18,3127.0,0.0,3.801253636622029e+18,3147.0,0.0,3.955864524924422e+18,3275.0,0.0,3.8205799976598303e+18,3163.0,0.0,3.850777436781391e+18,3188.0,0.0,3.9196275979785503e+18,3245.0,0.0,3.8085010220112087e+18,3153.0,0.0,3.798837841492308e+18,3145.0,0.0,3.7915904561030344e+18,3139.0,0.0,3.8193721000949683e+18,3162.0,0.0,3.9776066810919373e+18,3293.0,0.0,3.8060852268814766e+18,3151.0,0.0,3.8954696466813005e+18,3225.0,0.0,3.8266194854841364e+18,3168.0,0.0,3.949825037100105e+18,3270.0,0.0,3.8821827734678067e+18,3214.0,0.0,2.468504746477779e+18,5377.0,0.0,5.433153636678416e+18,68976.0,0.0,7.477858729721846e+18,297233.0,9155.0,4.202931179840813e+18,9155.0,36882.0,1.6932005218447725e+19,36882.0,100000.0,
0.0,3.487200269757803e+18,2887.0,0.0,3.4835765770632125e+18,2884.0,0.0,3.4944476551469757e+18,2893.0,0.0,3.519813504009088e+18,2914.0,0.0,3.508942425925329e+18,2905.0,0.0,3.378489488920189e+18,2797.0,0.0,3.389360567003947e+18,2806.0,0.0,3.4751212941091804e+18,2877.0,0.0,3.441300162293031e+18,2849.0,0.0,3.4859923721929426e+18,2886.0,0.0,3.4654581135902756e+18,2869.0,0.0,3.3386288692797256e+18,2764.0,0.0,3.3736578986607396e+18,2793.0,0.0,3.4159343134309187e+18,2828.0,0.0,3.4231816988200883e+18,2834.0,0.0,3.378489488920186e+18,2797.0,0.0,3.465458113590279e+18,2869.0,0.0,3.424389596384958e+18,2835.0,0.0,3.2419970640907325e+18,2684.0,0.0,3.5234371967036774e+18,2917.0,0.0,3.435260674468719e+18,2844.0,0.0,3.4570028306362394e+18,2862.0,0.0,3.4292211866444073e+18,2839.0,0.0,3.354331537622937e+18,2777.0,0.0,3.412310620736333e+18,2825.0,0.0,3.44492385498762e+18,2852.0,0.0,3.4026474402174356e+18,2817.0,0.0,3.507734528360465e+18,2904.0,0.0,3.5016950405360614e+18,2899.0,0.0,3.3736578986607355e+18,2793.0,0.0,3.4594186257659607e+18,2864.0,0.0,3.505318733230735e+18,2902.0,0.0,3.332589381455413e+18,2759.0,0.0,3.4364685720335754e+18,2845.0,0.0,3.495655552711836e+18,2894.0,0.0,3.541555660176605e+18,2932.0,0.0,2.3156291503131704e+18,5044.0,0.0,4.6075783167696584e+18,58495.0,0.0,7.406208066228062e+18,294385.0,8363.0,3.839335167341204e+18,8363.0,36310.0,1.6669408098309118e+19,36310.0,100000.0,
0.0,3.134494180817977e+18,2595.0,0.0,3.076515097704578e+18,2547.0,0.0,2.9847148827750354e+18,2471.0,0.0,3.065644019620819e+18,2538.0,0.0,3.064436122055958e+18,2537.0,0.0,3.036654478064124e+18,2514.0,0.0,3.077722995269443e+18,2548.0,0.0,3.0354465804992594e+18,2513.0,0.0,3.119999410039628e+18,2583.0,0.0,3.1284546929936666e+18,2590.0,0.0,3.191265366366507e+18,2642.0,0.0,3.014912321896597e+18,2496.0,0.0,3.1634837223746785e+18,2619.0,0.0,3.046317658583019e+18,2522.0,0.0,3.2009285468854036e+18,2650.0,0.0,3.0112886292020106e+18,2493.0,0.0,2.9436463655697147e+18,2437.0,0.0,3.0849703806586184e+18,2554.0,0.0,3.018536014591185e+18,2499.0,0.0,3.198512751755687e+18,2648.0,0.0,3.083762483093755e+18,2553.0,0.0,3.0656440196208164e+18,2538.0,0.0,3.09100986848293e+18,2559.0,0.0,3.1973048541908224e+18,2647.0,0.0,3.098257253872104e+18,2565.0,0.0,3.040278170758709e+18,2517.0,0.0,3.1067125368261427e+18,2572.0,0.0,2.892914667845494e+18,2395.0,0.0,3.1864337761069783e+18,2638.0,0.0,3.0765150977045806e+18,2547.0,0.0,3.0704756098802627e+18,2542.0,0.0,3.1272467954287985e+18,2589.0,0.0,3.1405336686422886e+18,2600.0,0.0,3.070475609880263e+18,2542.0,0.0,2.9907543705993457e+18,2476.0,0.0,3.128454692993659e+18,2590.0,0.0,2.1255675983247383e+18,4630.0,0.0,3.9044884107010033e+18,49569.0,0.0,7.230326820271236e+18,287394.0,7352.0,3.37519934835496e+18,7352.0,35912.0,1.6486691920310577e+19,35912.0,100000.0,
0.0,2.89653836054008e+18,2398.0,0.0,2.798698657786222e+18,2317.0,0.0,2.781788091878149e+18,2303.0,0.0,2.7685012186646636e+18,2292.0,0.0,2.77574860405384e+18,2298.0,0.0,2.8421829701212744e+18,2353.0,0.0,2.749174857626865e+18,2276.0,0.0,2.7878275797024635e+18,2308.0,0.0,2.769709116229526e+18,2293.0,0.0,2.8107776334348503e+18,2327.0,0.0,2.8144013261294326e+18,2330.0,0.0,2.808361838305124e+18,2325.0,0.0,2.8603014335942113e+18,2368.0,0.0,2.810777633434847e+18,2327.0,0.0,2.741927472237685e+18,2270.0,0.0,2.802322350480812e+18,2320.0,0.0,2.7648775259700767e+18,2289.0,0.0,2.900162053234668e+18,2401.0,0.0,2.7986986577862246e+18,2317.0,0.0,2.867548818983384e+18,2374.0,0.0,2.8071539407402614e+18,2324.0,0.0,2.7829959894430106e+18,2304.0,0.0,2.860301433594208e+18,2368.0,0.0,2.8252724042131973e+18,2339.0,0.0,2.8603014335942077e+18,2368.0,0.0,2.8168171212591616e+18,2332.0,0.0,2.8204408139537495e+18,2335.0,0.0,2.824064506648336e+18,2338.0,0.0,2.8880830775859686e+18,2391.0,0.0,2.8313118920375096e+18,2344.0,0.0,2.7431353698025477e+18,2271.0,0.0,2.8868751800211773e+18,2390.0,0.0,2.734680086848516e+18,2264.0,0.0,2.797490760221357e+18,2316.0,0.0,2.867548818983379e+18,2374.0,0.0,2.912241028883286e+18,2411.0,0.0,2.0759863238929733e+18,4522.0,0.0,3.427779906160616e+18,43517.0,0.0,7.14189561164039e+18,283879.0,6448.0,2.960185717926113e+18,6448.0,35446.0,1.6272757902854998e+19,35446.0,100000.0,
0.0,4.308570613864248e+18,3567.0,0.0,4.2662941990940595e+18,3532.0,0.0,4.1322175693943327e+18,3421.0,0.0,4.2819968674372746e+18,3545.0,0.0,4.2276414770184684e+18,3500.0,0.0,4.236096759972507e+18,3507.0,0.0,4.3363522578560835e+18,3590.0,0.0,4.2638784039643397e+18,3530.0,0.0,4.196236140332043e+18,3474.0,0.0,4.1684544963402097e+18,3451.0,0.0,4.166038701210478e+18,3449.0,0.0,4.266294199094063e+18,3532.0,0.0,4.1829492671185613e+18,3463.0,0.0,4.288036355261585e+18,3550.0,0.0,4.226433579453595e+18,3499.0,0.0,4.225225681888742e+18,3498.0,0.0,4.3025311260399355e+18,3562.0,0.0,4.389499750710031e+18,3634.0,0.0,4.137049159653785e+18,3425.0,0.0,4.3278969749020493e+18,3583.0,0.0,4.283204765002137e+18,3546.0,0.0,4.29649163821562e+18,3557.0,0.0,4.240928350231953e+18,3511.0,0.0,4.225225681888741e+18,3498.0,0.0,4.2880363552615864e+18,3550.0,0.0,4.384668160450582e+18,3630.0,0.0,4.207107218415807e+18,3483.0,0.0,4.1672465987753457e+18,3450.0,0.0,4.207107218415696e+18,3483.0,0.0,4.306154818734523e+18,3565.0,0.0,4.416073497136995e+18,3656.0,0.0,4.2530073258805714e+18,3521.0,0.0,4.330312770031771e+18,3585.0,0.0,4.2445520429265326e+18,3514.0,0.0,4.3073627162993807e+18,3566.0,0.0,4.3134022041236895e+18,3571.0,0.0,2.43774599289511e+18,5310.0,0.0,8.154929192839776e+18,103530.0,0.0,8.079643796706153e+18,321153.0,9121.0,4.1873222601122944e+18,9121.0,29163.0,1.3388321354199636e+19,29163.0,100000.0,
0.0,3.8411142562624916e+18,3180.0,0.0,3.8568169246057e+18,3193.0,0.0,3.812124714705792e+18,3156.0,0.0,3.8495695392165284e+18,3187.0,0.0,3.86889590025433e+18,3203.0,0.0,3.7287797827302907e+18,3087.0,0.0,3.9051328272001997e+18,3233.0,0.0,3.878559080773228e+18,3211.0,0.0,3.833866870873317e+18,3174.0,0.0,3.930498676062313e+18,3254.0,0.0,3.761393016981568e+18,3114.0,0.0,3.7976299439274445e+18,3144.0,0.0,3.7783035828896507e+18,3128.0,0.0,3.8942617491164365e+18,3224.0,0.0,3.8314510757435853e+18,3172.0,0.0,3.791590456103133e+18,3139.0,0.0,3.7891746609734077e+18,3137.0,0.0,3.845945846521942e+18,3184.0,0.0,3.87493538807864e+18,3208.0,0.0,3.82420369035442e+18,3166.0,0.0,3.856816924605703e+18,3193.0,0.0,3.765016709676156e+18,3117.0,0.0,3.7565614267221233e+18,3110.0,0.0,3.848361641651666e+18,3186.0,0.0,3.951032934664972e+18,3271.0,0.0,3.866480105124604e+18,3201.0,0.0,3.726363987600564e+18,3085.0,0.0,3.8990933393758884e+18,3228.0,0.0,3.8918459539866127e+18,3222.0,0.0,3.9594882176190085e+18,3278.0,0.0,3.8459458465219343e+18,3184.0,0.0,3.778303582889641e+18,3128.0,0.0,3.7287797827302866e+18,3087.0,0.0,3.831451075743586e+18,3172.0,0.0,3.87735118320836e+18,3210.0,0.0,3.851985334346246e+18,3189.0,0.0,2.32848355479548e+18,5072.0,0.0,5.057662982160236e+18,64209.0,0.0,7.905926159267749e+18,314248.0,8977.0,4.121213894203275e+18,8977.0,28466.0,1.3068338499765004e+19,28466.0,100000.0,
0.0,3.467873908720004e+18,2871.0,0.0,3.470289703849726e+18,2873.0,0.0,3.4376764695984425e+18,2846.0,0.0,3.482368679498353e+18,2883.0,0.0,3.5282687869631273e+18,2921.0,0.0,3.5826241773819377e+18,2966.0,0.0,3.41593431343092e+18,2828.0,0.0,3.473913396544318e+18,2876.0,0.0,3.5645057139089976e+18,2951.0,0.0,3.510150323490191e+18,2906.0,0.0,3.4944476551469737e+18,2893.0,0.0,3.4763291916740413e+18,2878.0,0.0,3.44854754768221e+18,2855.0,0.0,3.592287357900832e+18,2974.0,0.0,3.5077345283604577e+18,2904.0,0.0,3.490823962452391e+18,2890.0,0.0,3.4485475476822057e+18,2855.0,0.0,3.514981913749639e+18,2910.0,0.0,3.493239757582116e+18,2892.0,0.0,3.4545870355065196e+18,2860.0,0.0,3.5355161723522995e+18,2927.0,0.0,3.391776362133669e+18,2808.0,0.0,3.566921509038723e+18,2953.0,0.0,3.614029514068357e+18,2992.0,0.0,3.487200269757803e+18,2887.0,0.0,3.454587035506519e+18,2860.0,0.0,3.568129406603587e+18,2954.0,0.0,3.546387250436062e+18,2936.0,0.0,3.568129406603493e+18,2954.0,0.0,3.5463872504360617e+18,2936.0,0.0,3.4171422109957765e+18,2829.0,0.0,3.4352606744687145e+18,2844.0,0.0,3.4908239624523904e+18,2890.0,0.0,3.466666011155136e+18,2870.0,0.0,3.5198135040090844e+18,2914.0,0.0,3.4594186257659607e+18,2864.0,0.0,2.293133942469129e+18,4995.0,0.0,4.4402734814022124e+18,56371.0,0.0,7.749970238271272e+18,308049.0,8472.0,3.889375527647337e+18,8472.0,27846.0,1.2783705257656726e+19,27846.0,100000.0,
0.0,3.2697787080825677e+18,2707.0,0.0,3.339836766844585e+18,2765.0,0.0,3.32171830337165e+18,2750.0,0.0,3.372450001095873e+18,2792.0,0.0,3.098257253872106e+18,2565.0,0.0,3.2746102983420206e+18,2711.0,0.0,3.27098660564743e+18,2708.0,0.0,3.206968034709723e+18,2655.0,0.0,3.115167819780178e+18,2579.0,0.0,3.328965688760828e+18,2756.0,0.0,3.338628869279722e+18,2764.0,0.0,3.208175932274584e+18,2656.0,0.0,3.2637392202582595e+18,2702.0,0.0,3.2214628054880696e+18,2667.0,0.0,3.2589076299988e+18,2698.0,0.0,3.28064978616633e+18,2716.0,0.0,3.328965688760826e+18,2756.0,0.0,3.2987682496392663e+18,2731.0,0.0,3.208175932274585e+18,2656.0,0.0,3.252868142174496e+18,2693.0,0.0,3.153820541855775e+18,2611.0,0.0,3.278233991036602e+18,2714.0,0.0,3.233541781136696e+18,2677.0,0.0,3.314470917982477e+18,2744.0,0.0,3.2842734788609167e+18,2719.0,0.0,3.298768249639267e+18,2731.0,0.0,3.2069680347097236e+18,2655.0,0.0,3.312055122852753e+18,2742.0,0.0,3.185225878542116e+18,2637.0,0.0,3.339836766844588e+18,2765.0,0.0,3.2866892739906355e+18,2721.0,0.0,3.308431430158161e+18,2739.0,0.0,3.399023747522846e+18,2814.0,0.0,3.217839112793478e+18,2664.0,0.0,3.237165473831279e+18,2680.0,0.0,3.2866892739906355e+18,2721.0,0.0,2.1898396207362854e+18,4770.0,0.0,3.993497103716641e+18,50699.0,0.0,7.757064861552608e+18,308331.0,7823.0,3.591428795182379e+18,7823.0,27961.0,1.2836500133209068e+19,27961.0,100000.0,
0.0,3.1767705955881615e+18,2630.0,0.0,3.066851917185679e+18,2539.0,0.0,3.157444234550361e+18,2614.0,0.0,3.0185360145911844e+18,2499.0,0.0,2.990754370599351e+18,2476.0,0.0,3.1103362295207316e+18,2575.0,0.0,2.979883292515587e+18,2467.0,0.0,3.0813466879640315e+18,2551.0,0.0,3.072891405009993e+18,2544.0,0.0,2.9303594923562296e+18,2426.0,0.0,3.118791512474762e+18,2582.0,0.0,3.069267712315406e+18,2541.0,0.0,2.935191082615681e+18,2430.0,0.0,3.0632282244910925e+18,2536.0,0.0,3.057188736666776e+18,2531.0,0.0,3.107920434391004e+18,2573.0,0.0,3.005249141377698e+18,2488.0,0.0,3.0257833999803597e+18,2505.0,0.0,3.033030785369534e+18,2511.0,0.0,2.96538852173724e+18,2455.0,0.0,3.036654478064121e+18,2514.0,0.0,3.076515097704578e+18,2547.0,0.0,3.0970493563072425e+18,2564.0,0.0,3.1803942882827484e+18,2633.0,0.0,3.0910098684829297e+18,2559.0,0.0,3.0124965267668736e+18,2494.0,0.0,3.048733453712747e+18,2524.0,0.0,3.0342386829343964e+18,2512.0,0.0,2.995585960858721e+18,2480.0,0.0,2.9122410288832916e+18,2411.0,0.0,3.0777229952694374e+18,2548.0,0.0,3.047525556147879e+18,2523.0,0.0,3.054772941537057e+18,2529.0,0.0,3.011288629202005e+18,2493.0,0.0,3.006457038942557e+18,2489.0,0.0,3.001625448683105e+18,2485.0,0.0,2.205907626339172e+18,4805.0,0.0,3.628246387333003e+18,46062.0,0.0,7.637261329404645e+18,303569.0,7017.0,3.2214055804416154e+18,7017.0,27645.0,1.2691428996908718e+19,27645.0,100000.0,
0.0,3.9836461689162573e+18,3298.0,0.0,4.0114278129080893e+18,3321.0,0.0,3.993309349435155e+18,3306.0,0.0,3.9619040127487334e+18,3280.0,0.0,4.0247146861215816e+18,3332.0,0.0,3.9836461689162614e+18,3298.0,0.0,4.108059618097086e+18,3401.0,0.0,4.100812232707913e+18,3395.0,0.0,4.1056438229673615e+18,3399.0,0.0,4.1877808573780086e+18,3467.0,0.0,3.9679435005730417e+18,3285.0,0.0,4.006596222648643e+18,3317.0,0.0,4.0114278129080975e+18,3321.0,0.0,3.936538163886621e+18,3259.0,0.0,4.231265169713045e+18,3503.0,0.0,3.977606681091946e+18,3293.0,0.0,4.1032280278376366e+18,3397.0,0.0,3.9860619640459827e+18,3300.0,0.0,4.0210909934269926e+18,3329.0,0.0,4.0488726374188303e+18,3352.0,0.0,4.001764632389193e+18,3313.0,0.0,4.124970184005157e+18,3415.0,0.0,3.977606681091946e+18,3293.0,0.0,4.048872637418828e+18,3352.0,0.0,4.075446383845801e+18,3374.0,0.0,3.976398783527084e+18,3292.0,0.0,4.062159510632317e+18,3363.0,0.0,4.1358412620889226e+18,3424.0,0.0,4.092356949753769e+18,3388.0,0.0,3.994517247000019e+18,3307.0,0.0,4.105643822967354e+18,3399.0,0.0,3.928082880932581e+18,3252.0,0.0,3.9594882176190085e+18,3278.0,0.0,3.978814578656801e+18,3294.0,0.0,4.012635710472951e+18,3322.0,0.0,4.001764632389186e+18,3313.0,0.0,2.1434719474250977e+18,4669.0,0.0,7.074536950890676e+18,89814.0,0.0,8.268079003717544e+18,328643.0,8664.0,3.9775200155260303e+18,8664.0,23699.0,1.0879876136651825e+19,23699.0,100000.0,
0.0,3.698582343608726e+18,3062.0,0.0,3.6599296215331256e+18,3030.0,0.0,3.7529377340275333e+18,3107.0,0.0,3.7360271681194614e+18,3093.0,0.0,3.7674325048058865e+18,3119.0,0.0,3.73361137298974e+18,3091.0,0.0,3.7891746609734077e+18,3137.0,0.0,3.641811158060194e+18,3015.0,0.0,3.629732182411568e+18,3005.0,0.0,3.694958650914141e+18,3059.0,0.0,3.8471537440868e+18,3185.0,0.0,3.739650860814048e+18,3096.0,0.0,3.6345637726710226e+18,3009.0,0.0,3.7034139338681743e+18,3066.0,0.0,3.75897722185184e+18,3112.0,0.0,3.7517298364626734e+18,3106.0,0.0,3.634563772671018e+18,3009.0,0.0,3.7311955778600125e+18,3089.0,0.0,3.6514743385790925e+18,3023.0,0.0,3.7444824510735007e+18,3100.0,0.0,3.737235065684324e+18,3094.0,0.0,3.7783035828896425e+18,3128.0,0.0,3.605574231114321e+18,2985.0,0.0,3.734819270554599e+18,3092.0,0.0,3.663553314227716e+18,3033.0,0.0,3.838698461132768e+18,3178.0,0.0,3.6212768994575334e+18,2998.0,0.0,3.62006900189267e+18,2997.0,0.0,3.7396508608139515e+18,3096.0,0.0,3.653890133708817e+18,3025.0,0.0,3.6152374116332124e+18,2993.0,0.0,3.774679890195054e+18,3125.0,0.0,3.634563772671018e+18,3009.0,0.0,3.725156090035693e+18,3084.0,0.0,3.8604406173002865e+18,3196.0,0.0,3.7915904561031255e+18,3139.0,0.0,2.205448540464804e+18,4804.0,0.0,4.639007049967216e+18,58894.0,0.0,8.120827833271927e+18,322790.0,8813.0,4.045923810806891e+18,8813.0,23036.0,1.0575502201945713e+19,23036.0,100000.0,
0.0,3.477537089238904e+18,2879.0,0.0,3.3579552303175214e+18,2780.0,0.0,3.3966079523931203e+18,2812.0,0.0,3.348292049798625e+18,2772.0,0.0,3.3301735863256904e+18,2757.0,0.0,3.530684582092854e+18,2923.0,0.0,3.357955230317524e+18,2780.0,0.0,3.5161898113145027e+18,2911.0,0.0,3.4340527769038566e+18,2843.0,0.0,3.5149819137496407e+18,2910.0,0.0,3.365202615706695e+18,2786.0,0.0,3.426805391514682e+18,2837.0,0.0,3.4123106207363374e+18,2825.0,0.0,3.400231645087707e+18,2815.0,0.0,3.2323338835718267e+18,2676.0,0.0,3.467873908720005e+18,2871.0,0.0,3.2806497861663293e+18,2716.0,0.0,3.4666660111551427e+18,2870.0,0.0,3.4702897038497295e+18,2873.0,0.0,3.443715957422758e+18,2851.0,0.0,3.458210728201105e+18,2863.0,0.0,3.4557949330713774e+18,2861.0,0.0,3.3482920497986253e+18,2772.0,0.0,3.4884081673226655e+18,2888.0,0.0,3.3760736937904604e+18,2795.0,0.0,3.5632978163441367e+18,2950.0,0.0,3.3978158499579863e+18,2813.0,0.0,3.431636981774132e+18,2841.0,0.0,3.4678739087199145e+18,2871.0,0.0,3.349499947363487e+18,2773.0,0.0,3.4062711329120143e+18,2820.0,0.0,3.4570028306362383e+18,2862.0,0.0,3.49565555271184e+18,2894.0,0.0,3.321718303371646e+18,2750.0,0.0,3.429221186644403e+18,2839.0,0.0,3.3917763621336653e+18,2808.0,0.0,2.19626682297744e+18,4784.0,0.0,4.1841962592837724e+18,53120.0,0.0,7.934606551256131e+18,315388.0,8326.0,3.822348989989581e+18,8326.0,23274.0,1.0684764640045343e+19,23274.0,100000.0,
0.0,3.241997064090732e+18,2684.0,0.0,3.235957576266417e+18,2679.0,0.0,3.222670703052932e+18,2668.0,0.0,3.215423317663759e+18,2662.0,0.0,3.2214628054880727e+18,2667.0,0.0,3.347084152233766e+18,2771.0,0.0,3.2528681421744937e+18,2693.0,0.0,3.309639327723029e+18,2740.0,0.0,3.2093838298394465e+18,2657.0,0.0,3.1743548004584387e+18,2628.0,0.0,3.3519157424932086e+18,2775.0,0.0,3.1828100834124733e+18,2635.0,0.0,3.3350051765851423e+18,2761.0,0.0,3.1755626980232975e+18,2629.0,0.0,3.204552239579991e+18,2653.0,0.0,3.228710190877246e+18,2673.0,0.0,3.1477810540314634e+18,2606.0,0.0,3.260115527563669e+18,2699.0,0.0,3.382113181614773e+18,2800.0,0.0,3.1900574688016497e+18,2641.0,0.0,3.190057468801648e+18,2641.0,0.0,3.235957576266417e+18,2679.0,0.0,3.292728761814954e+18,2726.0,0.0,3.2468286543501814e+18,2688.0,0.0,3.2734024007771546e+18,2710.0,0.0,3.211799624969173e+18,2659.0,0.0,3.284273478860919e+18,2719.0,0.0,3.397815849957985e+18,2813.0,0.0,3.270986605647345e+18,2708.0,0.0,3.3470841522337623e+18,2771.0,0.0,3.2673629129528366e+18,2705.0,0.0,3.225086498182654e+18,2670.0,0.0,3.3470841522337623e+18,2771.0,0.0,3.1948890590610924e+18,2645.0,0.0,3.200928546885406e+18,2650.0,0.0,3.2178391127934776e+18,2664.0,0.0,2.2582434160171464e+18,4919.0,0.0,3.907481623386485e+18,49607.0,0.0,7.894051470655015e+18,313776.0,7730.0,3.548733808866137e+18,7730.0,22934.0,1.0528675442760157e+19,22934.0,100000.0,
0.0,3.0994651514369664e+18,2566.0,0.0,3.2625313226933903e+18,2701.0,0.0,3.046317658583019e+18,2522.0,0.0,3.1115441270855905e+18,2576.0,0.0,3.1163757173450424e+18,2580.0,0.0,3.068059814750547e+18,2540.0,0.0,3.285481376425779e+18,2720.0,0.0,3.268570810517706e+18,2706.0,0.0,3.1405336686422886e+18,2600.0,0.0,2.9992096535533875e+18,2483.0,0.0,3.115167819780175e+18,2579.0,0.0,3.1453652589017385e+18,2604.0,0.0,3.0463176585830236e+18,2522.0,0.0,3.100673049001828e+18,2567.0,0.0,3.14898895159632e+18,2607.0,0.0,3.0861782782234803e+18,2555.0,0.0,3.1079204343910036e+18,2573.0,0.0,3.047525556147883e+18,2523.0,0.0,3.107920434391004e+18,2573.0,0.0,3.1139599222153175e+18,2578.0,0.0,3.170731107763849e+18,2625.0,0.0,3.0281991951100815e+18,2507.0,0.0,3.1731469028935747e+18,2627.0,0.0,3.065644019620819e+18,2538.0,0.0,3.094633561177517e+18,2562.0,0.0,3.103088844131555e+18,2569.0,0.0,3.095841458742381e+18,2563.0,0.0,3.093425663612655e+18,2561.0,0.0,3.1731469028934917e+18,2627.0,0.0,3.0451097610181576e+18,2521.0,0.0,3.2528681421744876e+18,2693.0,0.0,3.1429494637720095e+18,2602.0,0.0,3.1888495712367857e+18,2640.0,0.0,3.0596045317965015e+18,2533.0,0.0,3.029407092674943e+18,2508.0,0.0,3.170731107763843e+18,2625.0,0.0,2.325729039549271e+18,5066.0,0.0,3.676374096565352e+18,46673.0,0.0,7.886151783738916e+18,313462.0,7214.0,3.311845497692149e+18,7214.0,22900.0,1.0513066523031638e+19,22900.0,100000.0,
0.0,3.7927983536679946e+18,3140.0,0.0,3.8036694317517537e+18,3149.0,0.0,3.821787895224691e+18,3164.0,0.0,3.856816924605703e+18,3193.0,0.0,3.7819272755842355e+18,3131.0,0.0,3.7456903486383647e+18,3101.0,0.0,3.615237411633219e+18,2993.0,0.0,3.7493140413329495e+18,3104.0,0.0,3.854401129475978e+18,3191.0,0.0,3.6575138264034063e+18,3028.0,0.0,3.699790241173585e+18,3063.0,0.0,3.663553314227716e+18,3033.0,0.0,3.8374905635679094e+18,3177.0,0.0,3.7758877877599196e+18,3126.0,0.0,3.7227402949059676e+18,3082.0,0.0,3.8592327197354286e+18,3195.0,0.0,3.739650860814048e+18,3096.0,0.0,3.744482451073499e+18,3100.0,0.0,3.7589772218518477e+18,3112.0,0.0,3.8725195929489167e+18,3206.0,0.0,3.773471992630196e+18,3124.0,0.0,3.692542855784411e+18,3057.0,0.0,3.7686404023707474e+18,3120.0,0.0,3.691334958219552e+18,3056.0,0.0,3.75535352915726e+18,3109.0,0.0,3.69979024117359e+18,3063.0,0.0,3.847153744086806e+18,3185.0,0.0,3.7287797827302876e+18,3087.0,0.0,3.8097089195759703e+18,3154.0,0.0,3.844737948957079e+18,3183.0,0.0,3.819372100094961e+18,3162.0,0.0,3.7094534216924836e+18,3071.0,0.0,3.82541158791928e+18,3167.0,0.0,3.831451075743586e+18,3172.0,0.0,3.7891746609734036e+18,3137.0,0.0,3.6780480850060585e+18,3045.0,0.0,2.0011553263709576e+18,4359.0,0.0,6.273301176240177e+18,79642.0,0.0,8.35718948479022e+18,332185.0,8163.0,3.747517992467565e+18,8163.0,20415.0,9.372238125226676e+18,20415.0,100000.0,
0.0,3.603158435984595e+18,2983.0,0.0,3.576584689557619e+18,2961.0,0.0,3.479952884368627e+18,2881.0,0.0,3.576584689557622e+18,2961.0,0.0,3.553634635825238e+18,2942.0,0.0,3.432844879338998e+18,2842.0,0.0,3.5355161723522995e+18,2927.0,0.0,3.547595148000925e+18,2937.0,0.0,3.57054520173331e+18,2956.0,0.0,3.6091979238089093e+18,2988.0,0.0,3.5862478700765174e+18,2969.0,0.0,3.449755445247068e+18,2856.0,0.0,3.5343082747874417e+18,2926.0,0.0,3.5753767919927583e+18,2960.0,0.0,3.529476684527981e+18,2922.0,0.0,3.5089424259253274e+18,2905.0,0.0,3.5294766845279877e+18,2922.0,0.0,3.581416279817072e+18,2965.0,0.0,3.434052776903857e+18,2843.0,0.0,3.487200269757805e+18,2887.0,0.0,3.49565555271184e+18,2894.0,0.0,3.6357716702358774e+18,3010.0,0.0,3.461834420895693e+18,2866.0,0.0,3.5669215090387226e+18,2953.0,0.0,3.504110835665877e+18,2901.0,0.0,3.5995347432900096e+18,2980.0,0.0,3.533100377222577e+18,2925.0,0.0,3.4606265233308303e+18,2865.0,0.0,3.543971455306245e+18,2934.0,0.0,3.337420971714863e+18,2763.0,0.0,3.5065266307955953e+18,2903.0,0.0,3.363994718141832e+18,2785.0,0.0,3.4147264158660577e+18,2827.0,0.0,3.48357657706321e+18,2884.0,0.0,3.4497554452470646e+18,2856.0,0.0,3.527060889398256e+18,2920.0,0.0,2.1425537756763615e+18,4667.0,0.0,4.2364987125248195e+18,53784.0,0.0,8.214491955528723e+18,326513.0,8309.0,3.814544530125321e+18,8309.0,19856.0,9.115609121454856e+18,19856.0,100000.0,
0.0,3.3833210791796347e+18,2801.0,0.0,3.256491834869078e+18,2696.0,0.0,3.355539435187798e+18,2778.0,0.0,3.3736578986607355e+18,2793.0,0.0,3.2903129666852306e+18,2724.0,0.0,3.4533791379416586e+18,2859.0,0.0,3.327757791195964e+18,2755.0,0.0,3.4388843671633075e+18,2847.0,0.0,3.331381483890551e+18,2758.0,0.0,3.289105069120368e+18,2723.0,0.0,3.343460459539172e+18,2768.0,0.0,3.365202615706699e+18,2786.0,0.0,3.4243895963849615e+18,2835.0,0.0,3.4751212941091773e+18,2877.0,0.0,3.453379137941649e+18,2859.0,0.0,3.4014395426525716e+18,2816.0,0.0,3.408686928041746e+18,2822.0,0.0,3.3603710254472494e+18,2782.0,0.0,3.372450001095874e+18,2792.0,0.0,3.458210728201107e+18,2863.0,0.0,3.366410513271561e+18,2787.0,0.0,3.4340527769038536e+18,2843.0,0.0,3.424389596384958e+18,2835.0,0.0,3.3954000548282593e+18,2811.0,0.0,3.354331537622937e+18,2777.0,0.0,3.396607952393123e+18,2812.0,0.0,3.3301735863256904e+18,2757.0,0.0,3.353123640058075e+18,2776.0,0.0,3.2407891665257856e+18,2683.0,0.0,3.3736578986607355e+18,2793.0,0.0,3.3362130741499945e+18,2762.0,0.0,3.2903129666852244e+18,2724.0,0.0,3.277026093471742e+18,2713.0,0.0,3.269778708082562e+18,2707.0,0.0,3.384528976744494e+18,2802.0,0.0,3.351915742493206e+18,2775.0,0.0,2.1893805348619172e+18,4769.0,0.0,3.9792399590831626e+18,50518.0,0.0,8.114110583569384e+18,322523.0,8197.0,3.7631269121960837e+18,8197.0,19752.0,9.067864190520564e+18,19752.0,100000.0,
0.0,3.1055046392612787e+18,2571.0,0.0,3.2105917274043064e+18,2658.0,0.0,3.1634837223746734e+18,2619.0,0.0,3.3531236400580746e+18,2776.0,0.0,3.279441888601469e+18,2715.0,0.0,3.234749678701561e+18,2678.0,0.0,3.1683153126341243e+18,2623.0,0.0,3.173146902893575e+18,2627.0,0.0,3.220254907923208e+18,2666.0,0.0,3.196096956625962e+18,2646.0,0.0,3.186433776107057e+18,2638.0,0.0,3.279441888601467e+18,2715.0,0.0,3.3301735863256924e+18,2757.0,0.0,3.2878971715555026e+18,2722.0,0.0,3.2057601371448535e+18,2654.0,0.0,3.1465731564666015e+18,2605.0,0.0,3.227502293312383e+18,2672.0,0.0,3.286689273990642e+18,2721.0,0.0,3.2915208642500915e+18,2725.0,0.0,3.121207307604492e+18,2584.0,0.0,3.2721945032122926e+18,2709.0,0.0,3.283065581296051e+18,2718.0,0.0,3.1610679272449505e+18,2617.0,0.0,3.134494180817977e+18,2595.0,0.0,3.139325771077426e+18,2599.0,0.0,3.268570810517706e+18,2706.0,0.0,3.181602185847613e+18,2634.0,0.0,3.1514047467260513e+18,2609.0,0.0,3.3337972790201897e+18,2760.0,0.0,3.291520864250091e+18,2725.0,0.0,3.39419215726339e+18,2810.0,0.0,3.1695232101989827e+18,2624.0,0.0,3.322926200936514e+18,2751.0,0.0,3.1876416736719176e+18,2639.0,0.0,3.29272876181495e+18,2726.0,0.0,3.3289656887608197e+18,2756.0,0.0,2.308742862197648e+18,5029.0,0.0,3.7814516155767327e+18,48007.0,0.0,8.099191748087709e+18,321930.0,7516.0,3.4504894317513436e+18,7516.0,19530.0,8.965947126410825e+18,19530.0,100000.0,
0.0,3.1658995175043994e+18,2621.0,0.0,3.219047010358343e+18,2665.0,0.0,3.122415205169351e+18,2585.0,0.0,3.136909975947701e+18,2597.0,0.0,3.227502293312385e+18,2672.0,0.0,3.232333883571836e+18,2676.0,0.0,3.1864337761070607e+18,2638.0,0.0,3.045109761018159e+18,2521.0,0.0,3.2093838298394465e+18,2657.0,0.0,3.11516781978018e+18,2579.0,0.0,3.1900574688016445e+18,2641.0,0.0,3.109128331955866e+18,2574.0,0.0,3.0922177660477957e+18,2560.0,0.0,3.139325771077425e+18,2599.0,0.0,3.152612644290907e+18,2610.0,0.0,3.2637392202582564e+18,2702.0,0.0,3.106712536826141e+18,2572.0,0.0,3.047525556147883e+18,2523.0,0.0,3.0849703806586184e+18,2554.0,0.0,3.11999941003963e+18,2583.0,0.0,3.1658995175043994e+18,2621.0,0.0,3.130870488123387e+18,2592.0,0.0,3.152612644290914e+18,2610.0,0.0,3.124831000299077e+18,2587.0,0.0,3.12120730760449e+18,2584.0,0.0,3.1985127517556864e+18,2648.0,0.0,3.256491834869083e+18,2696.0,0.0,3.1441573613368765e+18,2603.0,0.0,3.0245755024154184e+18,2504.0,0.0,3.1381178735125637e+18,2598.0,0.0,3.1127520246504474e+18,2577.0,0.0,3.1344941808179727e+18,2595.0,0.0,3.1357020783828393e+18,2596.0,0.0,3.0970493563072364e+18,2564.0,0.0,3.231125986006967e+18,2675.0,0.0,3.0704756098802627e+18,2542.0,0.0,2.3344516711622666e+18,5085.0,0.0,3.6784220841922606e+18,46699.0,0.0,8.115142071351423e+18,322564.0,7183.0,3.297613835586735e+18,7183.0,19553.0,8.976506101521293e+18,19553.0,100000.0,
0.0,3.599534743290008e+18,2980.0,0.0,3.5669215090387195e+18,2953.0,0.0,3.5777925871224827e+18,2962.0,0.0,3.6526822361439544e+18,3024.0,0.0,3.437676469598446e+18,2846.0,0.0,3.615237411633223e+18,2993.0,0.0,3.641811158060193e+18,3015.0,0.0,3.6031584359845965e+18,2983.0,0.0,3.56571361147386e+18,2952.0,0.0,3.711869216822215e+18,3073.0,0.0,3.5560504309549573e+18,2944.0,0.0,3.588663665206246e+18,2971.0,0.0,3.6393953629304724e+18,3013.0,0.0,3.6176532067629425e+18,2995.0,0.0,3.588663665206239e+18,2971.0,0.0,3.548803045565787e+18,2938.0,0.0,3.5922873579008333e+18,2974.0,0.0,3.581416279817072e+18,2965.0,0.0,3.6309400799764316e+18,3006.0,0.0,3.59953474329001e+18,2980.0,0.0,3.5524267382603735e+18,2941.0,0.0,3.639395362930465e+18,3013.0,0.0,3.5065266307956024e+18,2903.0,0.0,3.594703153030558e+18,2976.0,0.0,3.694958650914139e+18,3059.0,0.0,3.5765846895576233e+18,2961.0,0.0,3.592287357900836e+18,2974.0,0.0,3.69012706065469e+18,3055.0,0.0,3.563297816344043e+18,2950.0,0.0,3.5294766845279877e+18,2922.0,0.0,3.558466226084679e+18,2946.0,0.0,3.563297816344131e+18,2950.0,0.0,3.5427635577414743e+18,2933.0,0.0,3.678048085006059e+18,3045.0,0.0,3.545179352871195e+18,2935.0,0.0,3.672008597181746e+18,3040.0,0.0,1.937801475708147e+18,4221.0,0.0,5.671665426458372e+18,72004.0,0.0,8.420437296596179e+18,334699.0,7810.0,3.5854606788155924e+18,7810.0,17605.0,8.082206818252052e+18,17605.0,100000.0,
0.0,3.5149819137496387e+18,2910.0,0.0,3.454587035506515e+18,2860.0,0.0,3.450963342811929e+18,2857.0,0.0,3.394192157263397e+18,2810.0,0.0,3.423181698820097e+18,2834.0,0.0,3.4557949330713836e+18,2861.0,0.0,3.465458113590279e+18,2869.0,0.0,3.485992372192942e+18,2886.0,0.0,3.408686928041746e+18,2822.0,0.0,3.510150323490191e+18,2906.0,0.0,3.425597493949816e+18,2836.0,0.0,3.5463872504360617e+18,2936.0,0.0,3.3978158499579884e+18,2813.0,0.0,3.3748657962255964e+18,2794.0,0.0,3.401439542652565e+18,2816.0,0.0,3.519813504009089e+18,2914.0,0.0,3.438884367163306e+18,2847.0,0.0,3.4437159574227564e+18,2851.0,0.0,3.4002316450877097e+18,2815.0,0.0,3.3978158499579863e+18,2813.0,0.0,3.408686928041746e+18,2822.0,0.0,3.354331537622934e+18,2777.0,0.0,3.4038553377822966e+18,2818.0,0.0,3.3857368743093596e+18,2803.0,0.0,3.487200269757803e+18,2887.0,0.0,3.4219738012552335e+18,2833.0,0.0,3.4642502160254193e+18,2868.0,0.0,3.4002316450877097e+18,2815.0,0.0,3.469081806284777e+18,2872.0,0.0,3.418350108560645e+18,2830.0,0.0,3.3905684645688033e+18,2807.0,0.0,3.5137740161847716e+18,2909.0,0.0,3.4618344208956923e+18,2866.0,0.0,3.407479030476878e+18,2821.0,0.0,3.5584662260846817e+18,2946.0,0.0,3.3337972790202696e+18,2760.0,0.0,2.09205432949586e+18,4557.0,0.0,4.05887517026795e+18,51529.0,0.0,8.259349094928097e+18,328296.0,8034.0,3.688295914674068e+18,8034.0,17418.0,7.9963577597452e+18,17418.0,100000.0,
0.0,3.2758181959068795e+18,2712.0,0.0,3.331381483890548e+18,2758.0,0.0,3.260115527563667e+18,2699.0,0.0,3.2830655812960543e+18,2718.0,0.0,3.1550284394206397e+18,2612.0,0.0,3.0958414587423826e+18,2563.0,0.0,3.335005176585138e+18,2761.0,0.0,3.2915208642500925e+18,2725.0,0.0,3.234749678701557e+18,2678.0,0.0,3.291520864250093e+18,2725.0,0.0,3.240789166525866e+18,2683.0,0.0,3.2214628054880707e+18,2667.0,0.0,3.356747332752666e+18,2779.0,0.0,3.347084152233761e+18,2771.0,0.0,3.325341996066233e+18,2753.0,0.0,3.284273478860917e+18,2719.0,0.0,3.2407891665258696e+18,2683.0,0.0,3.295144556944679e+18,2728.0,0.0,3.262531322693394e+18,2701.0,0.0,3.181602185847613e+18,2634.0,0.0,3.3096393277230275e+18,2740.0,0.0,3.287897171555501e+18,2722.0,0.0,3.289105069120367e+18,2723.0,0.0,3.3470841522337623e+18,2771.0,0.0,3.337420971714863e+18,2763.0,0.0,3.3482920497986263e+18,2772.0,0.0,3.2661550153879823e+18,2704.0,0.0,3.405063235347159e+18,2819.0,0.0,3.3990237475227587e+18,2814.0,0.0,3.244412859220457e+18,2686.0,0.0,3.2951445569446723e+18,2728.0,0.0,3.3422525619743084e+18,2767.0,0.0,3.2117996249691715e+18,2659.0,0.0,3.292728761814948e+18,2726.0,0.0,3.3313814838905477e+18,2758.0,0.0,3.28910506912036e+18,2723.0,0.0,2.2587025018915144e+18,4920.0,0.0,3.8333602250433746e+18,48666.0,0.0,8.227473606639255e+18,327029.0,7804.0,3.5827061635693834e+18,7804.0,17156.0,7.876077260660733e+18,17156.0,100000.0,
0.0,3.100673049001829e+18,2567.0,0.0,3.219047010358343e+18,2665.0,0.0,3.2709866056474286e+18,2708.0,0.0,3.208175932274584e+18,2656.0,0.0,3.2238786006177976e+18,2669.0,0.0,3.3023919423338563e+18,2734.0,0.0,3.187641673671923e+18,2639.0,0.0,3.1852258785422e+18,2637.0,0.0,3.127246795428802e+18,2589.0,0.0,3.213007522534036e+18,2660.0,0.0,3.181602185847608e+18,2634.0,0.0,3.098257253872104e+18,2565.0,0.0,3.2758181959068836e+18,2712.0,0.0,3.298768249639264e+18,2731.0,0.0,3.306015635028434e+18,2737.0,0.0,3.113959922215316e+18,2578.0,0.0,3.167107415069262e+18,2622.0,0.0,3.2105917274043095e+18,2658.0,0.0,3.255283937304219e+18,2695.0,0.0,3.1332862832531164e+18,2594.0,0.0,3.217839112793484e+18,2664.0,0.0,3.2226707030529306e+18,2668.0,0.0,3.321718303371652e+18,2750.0,0.0,3.193681161496235e+18,2644.0,0.0,3.164691619939537e+18,2620.0,0.0,3.2818576837311933e+18,2717.0,0.0,3.256491834869083e+18,2696.0,0.0,3.174354800458437e+18,2628.0,0.0,3.341044664409364e+18,2766.0,0.0,3.204552239579997e+18,2653.0,0.0,3.251660244609625e+18,2692.0,0.0,3.1791863907178824e+18,2632.0,0.0,3.05114924884247e+18,2526.0,0.0,3.2093838298394414e+18,2657.0,0.0,3.2299180884421043e+18,2674.0,0.0,3.1985127517556787e+18,2648.0,0.0,2.3528151061369943e+18,5125.0,0.0,3.740728169303207e+18,47490.0,0.0,8.203850020606719e+18,326090.0,7394.0,3.394480955078424e+18,7394.0,17092.0,7.846695764701169e+18,17092.0,100000.0,
0.0,3.0076649365074227e+18,2490.0,0.0,3.0777229952694405e+18,2548.0,0.0,3.041486068323569e+18,2518.0,0.0,3.0523571464073324e+18,2527.0,0.0,3.066851917185683e+18,2539.0,0.0,3.1103362295207316e+18,2575.0,0.0,3.106712536826141e+18,2572.0,0.0,3.2057601371448607e+18,2654.0,0.0,3.1501968491611884e+18,2608.0,0.0,3.1888495712367877e+18,2640.0,0.0,3.0946335611775135e+18,2562.0,0.0,3.1767705955881615e+18,2630.0,0.0,3.162275824809816e+18,2618.0,0.0,3.1779784931530225e+18,2631.0,0.0,3.192473263931367e+18,2643.0,0.0,3.191265366366511e+18,2642.0,0.0,3.031822887804671e+18,2510.0,0.0,3.1115441270855916e+18,2576.0,0.0,3.0898019709180677e+18,2558.0,0.0,3.3217183033716536e+18,2750.0,0.0,3.0885940733532047e+18,2557.0,0.0,3.076515097704578e+18,2547.0,0.0,3.078930892834306e+18,2549.0,0.0,3.075307200139718e+18,2546.0,0.0,3.0813466879640305e+18,2551.0,0.0,2.967804316866964e+18,2457.0,0.0,3.161067927244952e+18,2617.0,0.0,3.030614990239809e+18,2509.0,0.0,3.104296741696336e+18,2570.0,0.0,3.170731107763849e+18,2625.0,0.0,3.1393257710774205e+18,2599.0,0.0,3.244412859220453e+18,2686.0,0.0,3.129662590558527e+18,2591.0,0.0,3.1924732639313674e+18,2643.0,0.0,3.1574442345503596e+18,2614.0,0.0,3.1453652589017324e+18,2604.0,0.0,2.3422561310265257e+18,5102.0,0.0,3.6228113432462075e+18,45993.0,0.0,8.145583540040846e+18,323774.0,7162.0,3.287973032225003e+18,7162.0,17439.0,8.005998563106932e+18,17439.0,100000.0,
0.0,3.4570028306362424e+18,2862.0,0.0,3.5101503234901857e+18,2906.0,0.0,3.4642502160254157e+18,2868.0,0.0,3.4594186257659674e+18,2864.0,0.0,3.384528976744499e+18,2802.0,0.0,3.419558006125511e+18,2831.0,0.0,3.470289703849729e+18,2873.0,0.0,3.626108489716983e+18,3002.0,0.0,3.4545870355065175e+18,2860.0,0.0,3.382113181614775e+18,2800.0,0.0,3.434052776903853e+18,2843.0,0.0,3.401439542652571e+18,2816.0,0.0,3.48357657706322e+18,2884.0,0.0,3.5657136114738586e+18,2952.0,0.0,3.3543315376229304e+18,2777.0,0.0,3.4183501085606456e+18,2830.0,0.0,3.5053187332307395e+18,2902.0,0.0,3.4666660111551427e+18,2870.0,0.0,3.378489488920186e+18,2797.0,0.0,3.467873908720006e+18,2871.0,0.0,3.3978158499579837e+18,2813.0,0.0,3.397815849957981e+18,2813.0,0.0,3.388152669439085e+18,2805.0,0.0,3.3410446644094505e+18,2766.0,0.0,3.5053187332307395e+18,2902.0,0.0,3.469081806284868e+18,2872.0,0.0,3.481160781933493e+18,2882.0,0.0,3.502902938101015e+18,2900.0,0.0,3.4956555527117496e+18,2894.0,0.0,3.4074790304768835e+18,2821.0,0.0,3.505318733230733e+18,2902.0,0.0,3.384528976744493e+18,2802.0,0.0,3.3833210791796347e+18,2801.0,0.0,3.4473396501173376e+18,2854.0,0.0,3.485992372192937e+18,2886.0,0.0,3.5065266307955953e+18,2903.0,0.0,1.9726920021601295e+18,4297.0,0.0,5.315866960660466e+18,67487.0,0.0,8.349440747305639e+18,331877.0,7522.0,3.453243946997553e+18,7522.0,15840.0,7.27192024999219e+18,15840.0,100000.0,
0.0,3.42076590369037e+18,2832.0,0.0,3.1501968491611853e+18,2608.0,0.0,3.28668927399064e+18,2721.0,0.0,3.325341996066239e+18,2753.0,0.0,3.479952884368631e+18,2881.0,0.0,3.3410446644094536e+18,2766.0,0.0,3.4376764695984435e+18,2846.0,0.0,3.3060156350284416e+18,2737.0,0.0,3.3023919423338527e+18,2734.0,0.0,3.4098948256066104e+18,2823.0,0.0,3.291520864250088e+18,2725.0,0.0,3.3639947181418363e+18,2785.0,0.0,3.371242103531015e+18,2791.0,0.0,3.2999761472041267e+18,2732.0,0.0,3.2178391127934776e+18,2664.0,0.0,3.272194503212293e+18,2709.0,0.0,3.2951445569446784e+18,2728.0,0.0,3.3398367668445885e+18,2765.0,0.0,3.3229262009365146e+18,2751.0,0.0,3.213007522534036e+18,2660.0,0.0,3.279441888601467e+18,2715.0,0.0,3.281857683731189e+18,2717.0,0.0,3.286689273990642e+18,2721.0,0.0,3.2033443420151347e+18,2652.0,0.0,3.2468286543501814e+18,2688.0,0.0,3.363994718141838e+18,2785.0,0.0,3.3555394351878016e+18,2778.0,0.0,3.382113181614773e+18,2800.0,0.0,3.2770260934716575e+18,2713.0,0.0,3.368826308401286e+18,2789.0,0.0,3.227502293312377e+18,2672.0,0.0,3.2697787080825636e+18,2707.0,0.0,3.394192157263397e+18,2810.0,0.0,3.437676469598438e+18,2846.0,0.0,3.2854813764257756e+18,2720.0,0.0,3.3652026157066926e+18,2786.0,0.0,2.203153111092963e+18,4799.0,0.0,3.8875531284015683e+18,49354.0,0.0,8.328307826893147e+18,331037.0,7802.0,3.581787991820647e+18,7802.0,15730.0,7.221420803811688e+18,15730.0,100000.0,
0.0,3.1719390053287117e+18,2626.0,0.0,3.2746102983420145e+18,2711.0,0.0,3.255283937304217e+18,2695.0,0.0,3.217839112793484e+18,2664.0,0.0,3.281857683731194e+18,2717.0,0.0,3.1707311077638523e+18,2625.0,0.0,3.1864337761070607e+18,2638.0,0.0,3.148988951596327e+18,2607.0,0.0,3.264947117823118e+18,2703.0,0.0,3.250452347044771e+18,2691.0,0.0,3.2093838298394435e+18,2657.0,0.0,3.1828100834124733e+18,2635.0,0.0,3.098257253872108e+18,2565.0,0.0,3.2069680347097206e+18,2655.0,0.0,3.2903129666852224e+18,2724.0,0.0,3.2299180884421084e+18,2674.0,0.0,3.1803942882827484e+18,2633.0,0.0,3.1960969566259604e+18,2646.0,0.0,3.228710190877246e+18,2673.0,0.0,3.1538205418557773e+18,2611.0,0.0,3.2407891665258696e+18,2683.0,0.0,3.2842734788609137e+18,2719.0,0.0,3.1695232101989873e+18,2624.0,0.0,3.127246795428802e+18,2589.0,0.0,3.2878971715555036e+18,2722.0,0.0,3.226294395747522e+18,2671.0,0.0,3.2287101908772475e+18,2673.0,0.0,3.1731469028935747e+18,2627.0,0.0,3.214215420098813e+18,2661.0,0.0,3.220254907923208e+18,2666.0,0.0,3.204552239579991e+18,2653.0,0.0,3.2238786006177915e+18,2669.0,0.0,3.2359575762664197e+18,2679.0,0.0,3.129662590558522e+18,2591.0,0.0,3.0910098684829266e+18,2559.0,0.0,3.1514047467260447e+18,2609.0,0.0,2.3179245796850115e+18,5049.0,0.0,3.735608200235936e+18,47425.0,0.0,8.282192775564458e+18,329204.0,7721.0,3.5446020359968236e+18,7721.0,15528.0,7.128685457189314e+18,15528.0,100000.0,
0.0,3.092217766047792e+18,2560.0,0.0,3.206968034709719e+18,2655.0,0.0,3.1369099759477e+18,2597.0,0.0,3.127246795428802e+18,2589.0,0.0,3.1658995175044014e+18,2621.0,0.0,3.2528681421744973e+18,2693.0,0.0,3.1429494637720136e+18,2602.0,0.0,3.123623102734216e+18,2586.0,0.0,3.2359575762664197e+18,2679.0,0.0,3.135702078382841e+18,2596.0,0.0,3.1719390053287086e+18,2626.0,0.0,3.136909975947701e+18,2597.0,0.0,3.1030888441315574e+18,2569.0,0.0,3.118791512474764e+18,2582.0,0.0,3.086178278223474e+18,2555.0,0.0,3.05598083910192e+18,2530.0,0.0,3.1683153126341243e+18,2623.0,0.0,3.289105069120367e+18,2723.0,0.0,3.191265366366511e+18,2642.0,0.0,3.1598600296800896e+18,2616.0,0.0,3.184017980977336e+18,2636.0,0.0,3.145365258901736e+18,2604.0,0.0,3.2105917274043095e+18,2658.0,0.0,3.1381178735125637e+18,2598.0,0.0,3.237165473831282e+18,2680.0,0.0,3.089801970918068e+18,2558.0,0.0,3.22025490792321e+18,2666.0,0.0,3.2009285468854103e+18,2650.0,0.0,3.2335417811366113e+18,2677.0,0.0,3.1405336686422886e+18,2600.0,0.0,3.169523210198981e+18,2624.0,0.0,3.1199994100396237e+18,2583.0,0.0,3.217839112793484e+18,2664.0,0.0,3.0910098684829245e+18,2559.0,0.0,3.168315312634121e+18,2623.0,0.0,3.103088844131548e+18,2569.0,0.0,2.462995715985361e+18,5365.0,0.0,3.6748774902226115e+18,46654.0,0.0,8.239323137013403e+18,327500.0,7493.0,3.4399304566408755e+18,7493.0,15678.0,7.197548338344542e+18,15678.0,100000.0,
0.0,3.05114924884247e+18,2526.0,0.0,3.1042967416964137e+18,2570.0,0.0,3.0233676048506327e+18,2503.0,0.0,3.065644019620819e+18,2538.0,0.0,3.2021364444502743e+18,2651.0,0.0,3.0910098684829327e+18,2559.0,0.0,3.129662590558527e+18,2591.0,0.0,3.153820541855777e+18,2611.0,0.0,3.1405336686422886e+18,2600.0,0.0,3.0088728340722867e+18,2491.0,0.0,3.1260388978639365e+18,2588.0,0.0,3.0668519171856814e+18,2539.0,0.0,3.1973048541908265e+18,2647.0,0.0,3.0185360145911834e+18,2499.0,0.0,3.018536014591179e+18,2499.0,0.0,3.083762483093756e+18,2553.0,0.0,3.1550284394206377e+18,2612.0,0.0,3.0318228878046715e+18,2510.0,0.0,3.1175836149099034e+18,2581.0,0.0,3.023367604850636e+18,2503.0,0.0,3.1187915124747653e+18,2582.0,0.0,3.2130075225340314e+18,2660.0,0.0,3.078930892834306e+18,2549.0,0.0,3.0885940733532047e+18,2557.0,0.0,2.9810911900804495e+18,2468.0,0.0,3.07047560988027e+18,2542.0,0.0,3.252868142174496e+18,2693.0,0.0,3.1381178735125647e+18,2598.0,0.0,3.169523210198905e+18,2624.0,0.0,3.048733453712745e+18,2524.0,0.0,3.0342386829343903e+18,2512.0,0.0,3.0765150977045765e+18,2547.0,0.0,3.12120730760449e+18,2584.0,0.0,2.999209653553381e+18,2483.0,0.0,3.124831000299074e+18,2587.0,0.0,3.1683153126341187e+18,2623.0,0.0,2.428105189533378e+18,5289.0,0.0,3.600047173085571e+18,45704.0,0.0,8.215850500412384e+18,326567.0,7043.0,3.233341813175188e+18,7043.0,15606.0,7.164494155390033e+18,15606.0,100000.0,
0.0,3.4739133965443164e+18,2876.0,0.0,3.3869447718742195e+18,2804.0,0.0,3.2758181959068785e+18,2712.0,0.0,3.2806497861663293e+18,2716.0,0.0,3.3362130741500027e+18,2762.0,0.0,3.344668357104041e+18,2769.0,0.0,3.3736578986607355e+18,2793.0,0.0,3.4413001622930324e+18,2849.0,0.0,3.389360567003947e+18,2806.0,0.0,3.4219738012552346e+18,2833.0,0.0,3.2794418886014633e+18,2715.0,0.0,3.322926200936514e+18,2751.0,0.0,3.374865796225602e+18,2794.0,0.0,3.3132630204176133e+18,2743.0,0.0,3.4618344208956856e+18,2866.0,0.0,3.3748657962255985e+18,2794.0,0.0,3.291520864250091e+18,2725.0,0.0,3.4376764695984445e+18,2846.0,0.0,3.2649471178231183e+18,2703.0,0.0,3.3144709179824794e+18,2744.0,0.0,3.355539435187799e+18,2778.0,0.0,3.3084314301581624e+18,2739.0,0.0,3.3446683571040384e+18,2769.0,0.0,3.3833210791796347e+18,2801.0,0.0,3.3639947181418363e+18,2785.0,0.0,3.327757791195965e+18,2755.0,0.0,3.248036551915046e+18,2689.0,0.0,3.388152669439085e+18,2805.0,0.0,3.3023919423337677e+18,2734.0,0.0,3.3639947181418363e+18,2785.0,0.0,3.256491834869075e+18,2696.0,0.0,3.3422525619743084e+18,2767.0,0.0,3.303599839898715e+18,2735.0,0.0,3.34346045953917e+18,2768.0,0.0,3.333797279020272e+18,2760.0,0.0,3.2903129666852224e+18,2724.0,0.0,1.98784183601428e+18,4330.0,0.0,5.031826830559237e+18,63881.0,0.0,8.479106308979432e+18,337031.0,7223.0,3.315977270561463e+18,7223.0,14473.0,6.644349859730869e+18,14473.0,100000.0,
0.0,3.2866892739906417e+18,2721.0,0.0,3.169523210198984e+18,2624.0,0.0,3.222670703052932e+18,2668.0,0.0,3.260115527563668e+18,2699.0,0.0,3.235957576266422e+18,2679.0,0.0,3.332589381455417e+18,2759.0,0.0,3.2830655812960543e+18,2718.0,0.0,3.251660244609633e+18,2692.0,0.0,3.1260388978639396e+18,2588.0,0.0,3.2830655812960563e+18,2718.0,0.0,3.151404746726047e+18,2609.0,0.0,3.152612644290913e+18,2610.0,0.0,3.215423317663763e+18,2662.0,0.0,3.3325893814554117e+18,2759.0,0.0,3.263739220258249e+18,2702.0,0.0,3.2130075225340344e+18,2660.0,0.0,3.3470841522337623e+18,2771.0,0.0,3.2299180884421084e+18,2674.0,0.0,3.3156788155473403e+18,2745.0,0.0,3.267362912952845e+18,2705.0,0.0,3.3072235325933025e+18,2738.0,0.0,3.194889059061095e+18,2645.0,0.0,3.2637392202582564e+18,2702.0,0.0,3.298768249639266e+18,2731.0,0.0,3.129662590558527e+18,2591.0,0.0,3.2081759322745856e+18,2656.0,0.0,3.200928546885412e+18,2650.0,0.0,3.2685708105177057e+18,2706.0,0.0,3.2830655812959693e+18,2718.0,0.0,3.296352454509541e+18,2729.0,0.0,3.268570810517699e+18,2706.0,0.0,3.355539435187795e+18,2778.0,0.0,3.267362912952843e+18,2705.0,0.0,3.232333883571827e+18,2676.0,0.0,3.2903129666852255e+18,2724.0,0.0,3.29393665937981e+18,2727.0,0.0,2.203153111092963e+18,4799.0,0.0,3.767667083472541e+18,47832.0,0.0,8.345541220324763e+18,331722.0,7562.0,3.471607381972281e+18,7562.0,14362.0,6.593391327675999e+18,14362.0,100000.0,
0.0,3.251660244609631e+18,2692.0,0.0,3.194889059061095e+18,2645.0,0.0,3.226294395747519e+18,2671.0,0.0,3.2311259860069704e+18,2675.0,0.0,3.1187915124747674e+18,2582.0,0.0,3.1103362295207316e+18,2575.0,0.0,3.0849703806586173e+18,2554.0,0.0,3.117583614909904e+18,2581.0,0.0,3.153820541855775e+18,2611.0,0.0,3.0994651514369684e+18,2566.0,0.0,3.1236231027342116e+18,2586.0,0.0,3.0740993025748557e+18,2545.0,0.0,3.1320783856882555e+18,2593.0,0.0,3.058396634231643e+18,2532.0,0.0,3.2758181959068733e+18,2712.0,0.0,3.124831000299078e+18,2587.0,0.0,3.227502293312383e+18,2672.0,0.0,3.1707311077638497e+18,2625.0,0.0,3.168315312634125e+18,2623.0,0.0,3.203344342015137e+18,2652.0,0.0,3.187641673671923e+18,2639.0,0.0,3.1683153126341217e+18,2623.0,0.0,3.0946335611775176e+18,2562.0,0.0,3.343460459539175e+18,2768.0,0.0,3.2552839373042186e+18,2695.0,0.0,3.106712536826142e+18,2572.0,0.0,3.1779784931530255e+18,2631.0,0.0,3.1369099759477023e+18,2597.0,0.0,3.147781054031382e+18,2606.0,0.0,3.1683153126341243e+18,2623.0,0.0,3.1683153126341187e+18,2623.0,0.0,3.146573156466597e+18,2605.0,0.0,3.208175932274584e+18,2656.0,0.0,3.0813466879640253e+18,2551.0,0.0,3.188849571236782e+18,2640.0,0.0,3.091009868482924e+18,2559.0,0.0,2.321597266679957e+18,5057.0,0.0,3.6452604383873193e+18,46278.0,0.0,8.323427128607405e+18,330843.0,7481.0,3.434421426148457e+18,7481.0,14265.0,6.548859997862284e+18,14265.0,100000.0,
0.0,3.1284546929936645e+18,2590.0,0.0,3.045109761018155e+18,2521.0,0.0,3.1284546929936635e+18,2590.0,0.0,3.132078385688252e+18,2593.0,0.0,3.058396634231646e+18,2532.0,0.0,2.9569332387832044e+18,2448.0,0.0,3.063228224491094e+18,2536.0,0.0,3.111544127085592e+18,2576.0,0.0,3.0354465804992584e+18,2513.0,0.0,3.0910098684829317e+18,2559.0,0.0,3.0354465804992553e+18,2513.0,0.0,3.048733453712745e+18,2524.0,0.0,3.1139599222153196e+18,2578.0,0.0,3.072891405009992e+18,2544.0,0.0,3.076515097704575e+18,2547.0,0.0,3.062020326926232e+18,2535.0,0.0,3.036654478064121e+18,2514.0,0.0,3.030614990239809e+18,2509.0,0.0,3.162275824809813e+18,2618.0,0.0,2.9762595998210017e+18,2464.0,0.0,3.1139599222153155e+18,2578.0,0.0,3.057188736666779e+18,2531.0,0.0,3.0753072001397187e+18,2546.0,0.0,3.0765150977045806e+18,2547.0,0.0,3.164691619939537e+18,2620.0,0.0,3.0608124293613706e+18,2534.0,0.0,3.043901863453297e+18,2520.0,0.0,3.147781054031464e+18,2606.0,0.0,3.039070273193767e+18,2516.0,0.0,3.0668519171856814e+18,2539.0,0.0,3.030614990239803e+18,2509.0,0.0,3.037862375628979e+18,2515.0,0.0,2.999209653553386e+18,2483.0,0.0,2.932775287485948e+18,2428.0,0.0,3.069267712315403e+18,2541.0,0.0,3.1828100834124677e+18,2635.0,0.0,2.43774599289511e+18,5310.0,0.0,3.586105103471617e+18,45527.0,0.0,8.303753386032918e+18,330061.0,7203.0,3.306795553074099e+18,7203.0,14290.0,6.56033714472149e+18,14290.0,100000.0,
0.0,2.9907543705993487e+18,2476.0,0.0,3.186433776107058e+18,2638.0,0.0,3.0571887366667807e+18,2531.0,0.0,2.9980017559885235e+18,2482.0,0.0,3.0257833999803607e+18,2505.0,0.0,3.0644361220559596e+18,2537.0,0.0,3.0789308928343055e+18,2549.0,0.0,3.206968034709723e+18,2655.0,0.0,3.119999410039628e+18,2583.0,0.0,2.936398980180542e+18,2431.0,0.0,3.1260388978639365e+18,2588.0,0.0,3.019743912156047e+18,2500.0,0.0,3.035446580499262e+18,2513.0,0.0,2.9641806241723745e+18,2454.0,0.0,3.2154233176637527e+18,2662.0,0.0,3.045109761018158e+18,2521.0,0.0,3.1224152051693527e+18,2585.0,0.0,3.0898019709180677e+18,2558.0,0.0,2.9424384680048527e+18,2436.0,0.0,3.0825545855288945e+18,2552.0,0.0,3.022159707285772e+18,2502.0,0.0,3.1707311077638467e+18,2625.0,0.0,3.0946335611775176e+18,2562.0,0.0,3.005249141377698e+18,2488.0,0.0,2.946062160699439e+18,2439.0,0.0,3.02578339998036e+18,2505.0,0.0,3.1284546929936666e+18,2590.0,0.0,3.0052491413776983e+18,2488.0,0.0,2.985922780339822e+18,2472.0,0.0,3.04148606832357e+18,2518.0,0.0,2.946062160699434e+18,2439.0,0.0,3.0958414587423754e+18,2563.0,0.0,3.1574442345503626e+18,2614.0,0.0,2.942438468004847e+18,2436.0,0.0,3.066851917185678e+18,2539.0,0.0,3.045109761018152e+18,2521.0,0.0,2.5134951621658624e+18,5475.0,0.0,3.562710783271932e+18,45230.0,0.0,8.267424889514299e+18,328617.0,6972.0,3.200746716095046e+18,6972.0,14215.0,6.525905704143875e+18,14215.0,100000.0,
0.0,3.2661550153879803e+18,2704.0,0.0,3.3084314301581624e+18,2739.0,0.0,3.365202615706697e+18,2786.0,0.0,3.2975603520744033e+18,2730.0,0.0,3.198512751755687e+18,2648.0,0.0,3.2770260934717455e+18,2713.0,0.0,3.3096393277230275e+18,2740.0,0.0,3.263739220258257e+18,2702.0,0.0,3.1973048541908224e+18,2647.0,0.0,3.2117996249691735e+18,2659.0,0.0,3.249244449479903e+18,2690.0,0.0,3.303599839898715e+18,2735.0,0.0,3.215423317663763e+18,2662.0,0.0,3.314470917982476e+18,2744.0,0.0,3.3482920497986186e+18,2772.0,0.0,3.1610679272449505e+18,2617.0,0.0,3.2734024007771546e+18,2710.0,0.0,3.1876416736719237e+18,2639.0,0.0,3.269778708082568e+18,2707.0,0.0,3.2021364444502743e+18,2651.0,0.0,3.3023919423338527e+18,2734.0,0.0,3.368826308401283e+18,2789.0,0.0,3.2347496787015583e+18,2678.0,0.0,3.2734024007771546e+18,2710.0,0.0,3.1658995175043994e+18,2621.0,0.0,3.2939366593798175e+18,2727.0,0.0,3.3386288692797276e+18,2764.0,0.0,3.316886713112203e+18,2746.0,0.0,3.2673629129527583e+18,2705.0,0.0,3.30601563502844e+18,2737.0,0.0,3.274610298342011e+18,2711.0,0.0,3.17314690289357e+18,2627.0,0.0,3.281857683731192e+18,2717.0,0.0,3.2758181959068744e+18,2712.0,0.0,3.188849571236782e+18,2640.0,0.0,3.266155015387974e+18,2704.0,0.0,1.9717738304113933e+18,4295.0,0.0,4.840182449933532e+18,61448.0,0.0,8.445696168136825e+18,335703.0,6935.0,3.183760538743423e+18,6935.0,13659.0,6.27065395799516e+18,13659.0,100000.0,
0.0,3.2093838298394465e+18,2657.0,0.0,3.0692677123154033e+18,2541.0,0.0,3.260115527563667e+18,2699.0,0.0,3.136909975947701e+18,2597.0,0.0,3.1948890590610995e+18,2645.0,0.0,3.065644019620822e+18,2538.0,0.0,3.1924732639313725e+18,2643.0,0.0,3.059604531796508e+18,2533.0,0.0,3.141741566207151e+18,2601.0,0.0,3.0994651514369684e+18,2566.0,0.0,3.1465731564665974e+18,2605.0,0.0,3.1562363369855e+18,2613.0,0.0,3.066851917185685e+18,2539.0,0.0,3.278233991036603e+18,2714.0,0.0,3.0668519171856753e+18,2539.0,0.0,3.1731469028935747e+18,2627.0,0.0,3.139325771077426e+18,2599.0,0.0,3.1320783856882524e+18,2593.0,0.0,3.2250864981826586e+18,2670.0,0.0,3.2045522395799987e+18,2653.0,0.0,3.0994651514369664e+18,2566.0,0.0,3.0898019709180646e+18,2558.0,0.0,3.1091283319558666e+18,2574.0,0.0,3.1912653663665106e+18,2642.0,0.0,3.152612644290913e+18,2610.0,0.0,3.0934256636126556e+18,2561.0,0.0,3.1634837223746765e+18,2619.0,0.0,3.09100986848293e+18,2559.0,0.0,3.257699732433859e+18,2697.0,0.0,3.1224152051693527e+18,2585.0,0.0,3.1453652589017324e+18,2604.0,0.0,3.0704756098802647e+18,2542.0,0.0,3.060812429361369e+18,2534.0,0.0,3.2383733713961395e+18,2681.0,0.0,3.115167819780175e+18,2579.0,0.0,3.1344941808179707e+18,2595.0,0.0,2.2472253550323095e+18,4895.0,0.0,3.6394315505261184e+18,46204.0,0.0,8.326219693090484e+18,330954.0,7236.0,3.3219453869282493e+18,7236.0,13384.0,6.144405342543906e+18,13384.0,100000.0,
0.0,3.072891405009993e+18,2544.0,0.0,3.093425663612652e+18,2561.0,0.0,3.087386175788341e+18,2556.0,0.0,2.988338575469624e+18,2474.0,0.0,3.181602185847613e+18,2634.0,0.0,3.084970380658621e+18,2554.0,0.0,2.9690122144318254e+18,2458.0,0.0,3.072891405009995e+18,2544.0,0.0,2.9955859608587986e+18,2480.0,0.0,3.0451097610181596e+18,2521.0,0.0,3.0475255561478794e+18,2523.0,0.0,3.1405336686422886e+18,2600.0,0.0,3.031822887804675e+18,2510.0,0.0,3.017328117026321e+18,2498.0,0.0,3.049941351277602e+18,2525.0,0.0,3.0390702731938463e+18,2516.0,0.0,2.965388521737238e+18,2455.0,0.0,3.029407092674947e+18,2508.0,0.0,3.043901863453296e+18,2520.0,0.0,3.0354465804992604e+18,2513.0,0.0,3.0644361220559565e+18,2537.0,0.0,3.194889059061095e+18,2645.0,0.0,3.104296741696417e+18,2570.0,0.0,2.996793858423661e+18,2481.0,0.0,3.053565043972195e+18,2528.0,0.0,3.0269912975452227e+18,2506.0,0.0,3.060812429361371e+18,2534.0,0.0,3.029407092674947e+18,2508.0,0.0,3.122415205169272e+18,2585.0,0.0,3.072891405009993e+18,2544.0,0.0,3.0535650439721887e+18,2528.0,0.0,3.084970380658614e+18,2554.0,0.0,3.0825545855288924e+18,2552.0,0.0,2.971428009561545e+18,2460.0,0.0,3.063228224491091e+18,2536.0,0.0,3.116375717345035e+18,2580.0,0.0,2.34868333326768e+18,5116.0,0.0,3.5226174870374543e+18,44721.0,0.0,8.325490104171481e+18,330925.0,7162.0,3.287973032225003e+18,7162.0,13397.0,6.150373458910692e+18,13397.0,100000.0,
0.0,3.022159707285772e+18,2502.0,0.0,3.107920434391001e+18,2573.0,0.0,3.03182288780467e+18,2510.0,0.0,3.1018809465666913e+18,2568.0,0.0,3.0970493563072435e+18,2564.0,0.0,3.0982572538721075e+18,2565.0,0.0,3.0354465804992584e+18,2513.0,0.0,2.9955859608587996e+18,2480.0,0.0,3.022159707285772e+18,2502.0,0.0,2.9472700582643036e+18,2440.0,0.0,2.984714882775034e+18,2471.0,0.0,2.9521016485237514e+18,2444.0,0.0,3.0632282244910976e+18,2536.0,0.0,3.1091283319558646e+18,2574.0,0.0,3.099465151436961e+18,2566.0,0.0,3.047525556147883e+18,2523.0,0.0,3.055980839101919e+18,2530.0,0.0,3.076515097704581e+18,2547.0,0.0,3.0704756098802693e+18,2542.0,0.0,2.933983185050817e+18,2429.0,0.0,3.023367604850634e+18,2503.0,0.0,2.9702201119966853e+18,2459.0,0.0,3.043901863453296e+18,2520.0,0.0,3.119999410039628e+18,2583.0,0.0,2.9521016485237514e+18,2444.0,0.0,3.0269912975452227e+18,2506.0,0.0,3.0052491413777e+18,2488.0,0.0,2.9363989801805404e+18,2431.0,0.0,3.0402781707586294e+18,2517.0,0.0,2.86150933115907e+18,2369.0,0.0,3.0487334537127393e+18,2524.0,0.0,2.956933238783197e+18,2448.0,0.0,2.9146568240130166e+18,2413.0,0.0,3.070475609880263e+18,2542.0,0.0,3.089801970918064e+18,2558.0,0.0,3.0173281170263163e+18,2498.0,0.0,2.5089043034221804e+18,5465.0,0.0,3.5220661057532867e+18,44714.0,0.0,8.261210804583483e+18,328370.0,7131.0,3.2737413701195894e+18,7131.0,13224.0,6.070951602644995e+18,13224.0,100000.0,
0.0,3.0704756098802683e+18,2542.0,0.0,3.000417551118246e+18,2484.0,0.0,2.9762595998209987e+18,2464.0,0.0,3.0016254486831104e+18,2485.0,0.0,2.933983185050817e+18,2429.0,0.0,2.965388521737241e+18,2455.0,0.0,3.08617827822348e+18,2555.0,0.0,3.06564401962082e+18,2538.0,0.0,3.0137044243317345e+18,2495.0,0.0,3.0825545855288945e+18,2552.0,0.0,3.1381178735125606e+18,2598.0,0.0,3.100673049001829e+18,2567.0,0.0,2.956933238783205e+18,2448.0,0.0,3.014912321896596e+18,2496.0,0.0,2.813193428564568e+18,2329.0,0.0,2.998001755988524e+18,2482.0,0.0,2.955725341218339e+18,2447.0,0.0,3.010080731637148e+18,2492.0,0.0,2.937606877745403e+18,2432.0,0.0,2.9448542631345787e+18,2438.0,0.0,3.039070273193846e+18,2516.0,0.0,3.0487334537127424e+18,2524.0,0.0,3.014912321896598e+18,2496.0,0.0,2.955725341218339e+18,2447.0,0.0,2.9690122144318254e+18,2458.0,0.0,2.999209653553387e+18,2483.0,0.0,3.031822887804673e+18,2510.0,0.0,2.9678043168669635e+18,2457.0,0.0,3.0583966342315653e+18,2532.0,0.0,2.9955859608587986e+18,2480.0,0.0,3.042693965888427e+18,2519.0,0.0,2.9508937509588854e+18,2443.0,0.0,3.0306149902398085e+18,2509.0,0.0,3.0197439121560417e+18,2500.0,0.0,2.970220111996685e+18,2459.0,0.0,2.993170165729068e+18,2478.0,0.0,2.621839428516756e+18,5711.0,0.0,3.551446851323935e+18,45087.0,0.0,8.239348295251988e+18,327501.0,6816.0,3.129129319693608e+18,6816.0,13088.0,6.00851592373092e+18,13088.0,100000.0,
0.0,3.136909975947701e+18,2597.0,0.0,3.163483722374672e+18,2619.0,0.0,3.245620756785318e+18,2687.0,0.0,3.1828100834124733e+18,2635.0,0.0,3.1900574688016497e+18,2641.0,0.0,3.198512751755688e+18,2648.0,0.0,3.146573156466601e+18,2605.0,0.0,3.186433776107062e+18,2638.0,0.0,3.187641673671923e+18,2639.0,0.0,3.256491834869083e+18,2696.0,0.0,3.2214628054880676e+18,2667.0,0.0,3.1803942882827484e+18,2633.0,0.0,3.0632282244910976e+18,2536.0,0.0,3.234749678701556e+18,2678.0,0.0,3.000417551118243e+18,2484.0,0.0,3.139325771077427e+18,2599.0,0.0,3.1514047467260503e+18,2609.0,0.0,3.231125986006971e+18,2675.0,0.0,3.147781054031464e+18,2606.0,0.0,3.1888495712367877e+18,2640.0,0.0,3.2383733713961446e+18,2681.0,0.0,3.2540760397393536e+18,2694.0,0.0,3.24078916652587e+18,2683.0,0.0,3.1562363369855e+18,2613.0,0.0,3.19609695662596e+18,2646.0,0.0,3.211799624969173e+18,2659.0,0.0,3.241997064090734e+18,2684.0,0.0,3.142949463772014e+18,2602.0,0.0,3.2069680347096387e+18,2655.0,0.0,3.2323338835718323e+18,2676.0,0.0,3.161067927244944e+18,2617.0,0.0,3.2142154200988923e+18,2661.0,0.0,3.2287101908772454e+18,2673.0,0.0,3.267362912952837e+18,2705.0,0.0,3.185225878542195e+18,2637.0,0.0,3.0704756098802627e+18,2542.0,0.0,1.9731510880344978e+18,4298.0,0.0,4.663031520205949e+18,59199.0,0.0,8.410701058263281e+18,334312.0,6860.0,3.1493290981658086e+18,6860.0,12469.0,5.724341767497009e+18,12469.0,100000.0,
0.0,2.9762595998209997e+18,2464.0,0.0,3.0692677123154033e+18,2541.0,0.0,3.087386175788341e+18,2556.0,0.0,3.00645703894256e+18,2489.0,0.0,3.07530720013972e+18,2546.0,0.0,3.053565043972198e+18,2528.0,0.0,3.04148606832357e+18,2518.0,0.0,3.053565043972196e+18,2528.0,0.0,3.0124965267668726e+18,2494.0,0.0,3.0016254486831124e+18,2485.0,0.0,3.267362912952839e+18,2705.0,0.0,3.1357020783828393e+18,2596.0,0.0,3.2117996249691756e+18,2659.0,0.0,3.034238682934395e+18,2512.0,0.0,3.083762483093749e+18,2553.0,0.0,3.0861782782234803e+18,2555.0,0.0,3.1079204343910036e+18,2573.0,0.0,3.0801387903991685e+18,2550.0,0.0,3.0366544780641213e+18,2514.0,0.0,2.9822990876453135e+18,2469.0,0.0,2.9351910826156774e+18,2430.0,0.0,3.0898019709180646e+18,2558.0,0.0,3.0946335611775176e+18,2562.0,0.0,3.080138790399168e+18,2550.0,0.0,3.217839112793484e+18,2664.0,0.0,3.068059814750545e+18,2540.0,0.0,3.0765150977045827e+18,2547.0,0.0,3.1586521321152256e+18,2615.0,0.0,3.11637571734496e+18,2580.0,0.0,3.0040412438128353e+18,2487.0,0.0,3.0704756098802627e+18,2542.0,0.0,3.1224152051693486e+18,2585.0,0.0,3.1550284394206377e+18,2612.0,0.0,3.1308704881233843e+18,2592.0,0.0,3.198512751755682e+18,2648.0,0.0,3.1828100834124677e+18,2635.0,0.0,2.271556906373824e+18,4948.0,0.0,3.543254900816301e+18,44983.0,0.0,8.430098060213319e+18,335083.0,6999.0,3.213142034702988e+18,6999.0,12348.0,5.668792376698457e+18,12348.0,100000.0,
0.0,3.0354465804992584e+18,2513.0,0.0,3.1006730490018263e+18,2567.0,0.0,3.100673049001828e+18,2567.0,0.0,3.04631765858302e+18,2522.0,0.0,2.973843804691277e+18,2462.0,0.0,3.017328117026325e+18,2498.0,0.0,3.153820541855775e+18,2611.0,0.0,3.0209518097209103e+18,2501.0,0.0,2.975051702256137e+18,2463.0,0.0,3.063228224491096e+18,2536.0,0.0,3.0100807316371446e+18,2492.0,0.0,2.9182805167076035e+18,2416.0,0.0,3.0342386829343995e+18,2512.0,0.0,3.046317658583019e+18,2522.0,0.0,3.0233676048506286e+18,2503.0,0.0,3.006457038942561e+18,2489.0,0.0,3.058396634231644e+18,2532.0,0.0,2.931567389921091e+18,2427.0,0.0,3.049941351277608e+18,2525.0,0.0,3.0185360145911864e+18,2499.0,0.0,3.080138790399168e+18,2550.0,0.0,2.9182805167076014e+18,2416.0,0.0,2.9243200045319163e+18,2421.0,0.0,3.0765150977045806e+18,2547.0,0.0,3.0704756098802683e+18,2542.0,0.0,3.011288629202011e+18,2493.0,0.0,2.950893750958891e+18,2443.0,0.0,3.122415205169353e+18,2585.0,0.0,2.985922780339822e+18,2472.0,0.0,3.04148606832357e+18,2518.0,0.0,2.9569332387831956e+18,2448.0,0.0,3.1127520246504494e+18,2577.0,0.0,3.005249141377698e+18,2488.0,0.0,2.937606877745398e+18,2432.0,0.0,3.0052491413776947e+18,2488.0,0.0,2.93398318505081e+18,2429.0,0.0,2.435909649397637e+18,5306.0,0.0,3.497569022985266e+18,44403.0,0.0,8.379051994121715e+18,333054.0,7150.0,3.282464001732585e+18,7150.0,12500.0,5.738573429602423e+18,12500.0,100000.0,
0.0,2.938814775310265e+18,2433.0,0.0,2.9134489264481516e+18,2412.0,0.0,3.014912321896596e+18,2496.0,0.0,2.9267357996616407e+18,2423.0,0.0,2.9895464730344883e+18,2475.0,0.0,3.0064570389425633e+18,2489.0,0.0,2.982299087645312e+18,2469.0,0.0,2.989546473034488e+18,2475.0,0.0,2.8784198970671437e+18,2383.0,0.0,2.9086173361887063e+18,2408.0,0.0,3.0402781707587046e+18,2517.0,0.0,2.977467497385862e+18,2465.0,0.0,2.9484779558291676e+18,2441.0,0.0,3.0946335611775155e+18,2562.0,0.0,2.8989541556697994e+18,2400.0,0.0,2.966596419302101e+18,2456.0,0.0,2.9835069852101745e+18,2470.0,0.0,3.0137044243317356e+18,2495.0,0.0,2.9110331313184297e+18,2410.0,0.0,2.8989541556698066e+18,2400.0,0.0,3.005249141377698e+18,2488.0,0.0,2.9533095460886113e+18,2445.0,0.0,2.890498872715769e+18,2393.0,0.0,3.1079204343910036e+18,2573.0,0.0,2.9762595998209997e+18,2464.0,0.0,2.9980017559885245e+18,2482.0,0.0,2.8917067702806323e+18,2394.0,0.0,2.9593490339129267e+18,2450.0,0.0,2.8820435897616563e+18,2386.0,0.0,2.9267357996616407e+18,2423.0,0.0,2.9847148827750313e+18,2471.0,0.0,3.059604531796503e+18,2533.0,0.0,2.9436463655697147e+18,2437.0,0.0,3.0813466879640253e+18,2551.0,0.0,2.9714280095615473e+18,2460.0,0.0,3.0294070926749404e+18,2508.0,0.0,2.537367627633008e+18,5527.0,0.0,3.456688039201978e+18,43884.0,0.0,8.318772854468939e+18,330658.0,6925.0,3.1791696799997414e+18,6925.0,12298.0,5.645838082980048e+18,12298.0,100000.0,
0.0,2.89653836054008e+18,2398.0,0.0,2.9895464730344837e+18,2475.0,0.0,2.840975072556408e+18,2352.0,0.0,2.9714280095615503e+18,2460.0,0.0,2.89049887271577e+18,2393.0,0.0,2.9327752874859556e+18,2428.0,0.0,2.865133023853657e+18,2372.0,0.0,2.949685853394028e+18,2442.0,0.0,2.930359492356228e+18,2426.0,0.0,2.8276881993429243e+18,2341.0,0.0,2.8687567165482414e+18,2375.0,0.0,2.879627794632006e+18,2384.0,0.0,2.985922780339903e+18,2472.0,0.0,3.0475255561478815e+18,2523.0,0.0,2.8228566090834673e+18,2337.0,0.0,2.9774674973858627e+18,2465.0,0.0,3.0426939658884326e+18,2519.0,0.0,2.961764829042651e+18,2452.0,0.0,2.9388147753102653e+18,2433.0,0.0,3.0016254486831124e+18,2485.0,0.0,3.0245755024154967e+18,2504.0,0.0,2.8699646141131044e+18,2376.0,0.0,2.9581411363480643e+18,2449.0,0.0,3.0137044243317345e+18,2495.0,0.0,2.960556931477788e+18,2451.0,0.0,2.798698657786225e+18,2317.0,0.0,2.8578856384644844e+18,2366.0,0.0,2.9062015410589804e+18,2406.0,0.0,2.8107776334347756e+18,2327.0,0.0,2.9496858533940265e+18,2442.0,0.0,3.000417551118243e+18,2484.0,0.0,2.966596419302097e+18,2456.0,0.0,2.820440813953748e+18,2335.0,0.0,2.8880830775860383e+18,2391.0,0.0,3.0052491413776947e+18,2488.0,0.0,2.8313118920375045e+18,2344.0,0.0,2.548844774492213e+18,5552.0,0.0,3.4448727259698135e+18,43734.0,0.0,8.254795453743977e+18,328115.0,6774.0,3.1098477129701443e+18,6774.0,12376.0,5.681646781180766e+18,12376.0,100000.0,
0.0,3.0016254486831104e+18,2485.0,0.0,3.1441573613368735e+18,2603.0,0.0,3.1369099759477e+18,2597.0,0.0,3.1562363369855e+18,2613.0,0.0,3.258907629998808e+18,2698.0,0.0,3.046317658583023e+18,2522.0,0.0,3.1018809465666913e+18,2568.0,0.0,3.0765150977045816e+18,2547.0,0.0,3.0644361220559565e+18,2537.0,0.0,3.121207307604492e+18,2584.0,0.0,3.104296741696413e+18,2570.0,0.0,2.979883292515587e+18,2467.0,0.0,3.150196849161192e+18,2608.0,0.0,3.147781054031462e+18,2606.0,0.0,3.1055046392612726e+18,2571.0,0.0,3.121207307604491e+18,2584.0,0.0,2.94123057043999e+18,2435.0,0.0,3.1296625905585275e+18,2591.0,0.0,3.0716835074451313e+18,2543.0,0.0,3.0680598147505454e+18,2540.0,0.0,2.988338575469624e+18,2474.0,0.0,3.165899517504397e+18,2621.0,0.0,3.139325771077427e+18,2599.0,0.0,3.043901863453295e+18,2520.0,0.0,2.962972726607513e+18,2453.0,0.0,3.0644361220559575e+18,2537.0,0.0,3.092217766047794e+18,2560.0,0.0,3.0402781707587087e+18,2517.0,0.0,3.082554585528813e+18,2552.0,0.0,3.0885940733532047e+18,2557.0,0.0,3.083762483093749e+18,2553.0,0.0,3.0668519171856773e+18,2539.0,0.0,3.053565043972195e+18,2528.0,0.0,3.11879151247476e+18,2582.0,0.0,3.0221597072857687e+18,2502.0,0.0,3.016120219461454e+18,2497.0,0.0,1.9621330270496612e+18,4274.0,0.0,4.5080933793548355e+18,57232.0,0.0,8.482301405279892e+18,337158.0,6494.0,2.98130366814705e+18,6494.0,12021.0,5.518671295780058e+18,12021.0,100000.0,
0.0,3.0451097610181576e+18,2521.0,0.0,2.9943780632939336e+18,2479.0,0.0,3.0632282244910925e+18,2536.0,0.0,3.029407092674946e+18,2508.0,0.0,2.956933238783203e+18,2448.0,0.0,3.0269912975452247e+18,2506.0,0.0,2.9472700582643016e+18,2440.0,0.0,2.9629727266075146e+18,2453.0,0.0,3.025783399980359e+18,2505.0,0.0,3.0306149902398106e+18,2509.0,0.0,3.023367604850631e+18,2503.0,0.0,2.9714280095615503e+18,2460.0,0.0,3.0390702731938493e+18,2516.0,0.0,3.0366544780641193e+18,2514.0,0.0,3.024575502415491e+18,2504.0,0.0,2.961764829042651e+18,2452.0,0.0,3.071683507445131e+18,2543.0,0.0,3.0221597072857723e+18,2502.0,0.0,2.964180624172376e+18,2454.0,0.0,2.9678043168669645e+18,2457.0,0.0,3.0306149902398085e+18,2509.0,0.0,3.062020326926229e+18,2535.0,0.0,3.012496526766873e+18,2494.0,0.0,2.9762595998209997e+18,2464.0,0.0,3.01128862920201e+18,2493.0,0.0,2.9835069852101755e+18,2470.0,0.0,3.0390702731938473e+18,2516.0,0.0,2.920696311837329e+18,2418.0,0.0,3.0137044243316567e+18,2495.0,0.0,2.9955859608587986e+18,2480.0,0.0,2.995585960858793e+18,2480.0,0.0,2.930359492356224e+18,2426.0,0.0,3.00645703894256e+18,2489.0,0.0,2.9315673899210854e+18,2427.0,0.0,2.8856672824563154e+18,2389.0,0.0,2.952101648523746e+18,2444.0,0.0,2.1815760749976579e+18,4752.0,0.0,3.447708401145533e+18,43770.0,0.0,8.306822691140446e+18,330183.0,6731.0,3.0901070203723116e+18,6731.0,11803.0,5.418590575167791e+18,11803.0,100000.0,
0.0,2.8639251262887946e+18,2371.0,0.0,3.103088844131551e+18,2569.0,0.0,2.9762595998209987e+18,2464.0,0.0,2.982299087645312e+18,2469.0,0.0,2.988338575469626e+18,2474.0,0.0,3.002833346247976e+18,2486.0,0.0,2.9315673899210906e+18,2427.0,0.0,2.982299087645313e+18,2469.0,0.0,2.9098252337535667e+18,2409.0,0.0,3.0112886292020116e+18,2493.0,0.0,2.9871306779047583e+18,2473.0,0.0,2.946062160699439e+18,2439.0,0.0,2.9074094386238454e+18,2407.0,0.0,2.965388521737237e+18,2455.0,0.0,3.007664936507417e+18,2490.0,0.0,2.960556931477789e+18,2451.0,0.0,2.8627172287239327e+18,2370.0,0.0,2.9593490339129267e+18,2450.0,0.0,2.983506985210175e+18,2470.0,0.0,2.873588306807696e+18,2379.0,0.0,2.8639251262887946e+18,2371.0,0.0,2.9255279020967757e+18,2422.0,0.0,2.8385592774266844e+18,2350.0,0.0,2.9086173361887043e+18,2408.0,0.0,2.89653836054008e+18,2398.0,0.0,2.938814775310266e+18,2433.0,0.0,3.0185360145911864e+18,2499.0,0.0,2.9412305704399903e+18,2435.0,0.0,2.8917067702805555e+18,2394.0,0.0,2.955725341218339e+18,2447.0,0.0,2.912241028883286e+18,2411.0,0.0,2.9798832925155835e+18,2467.0,0.0,2.8639251262887946e+18,2371.0,0.0,3.060812429361364e+18,2534.0,0.0,3.07289140500999e+18,2544.0,0.0,2.9738438046912696e+18,2462.0,0.0,2.398723693573814e+18,5225.0,0.0,3.424550387210491e+18,43476.0,0.0,8.375378891288115e+18,332908.0,7029.0,3.2269146109340334e+18,7029.0,11598.0,5.324477970922312e+18,11598.0,100000.0,
0.0,2.8252724042131973e+18,2339.0,0.0,2.9702201119966853e+18,2459.0,0.0,2.9206963118373274e+18,2418.0,0.0,2.8808356921968686e+18,2385.0,0.0,2.861509331159072e+18,2369.0,0.0,2.8325197896023747e+18,2345.0,0.0,2.9762595998209997e+18,2464.0,0.0,2.8856672824563195e+18,2389.0,0.0,2.7926591699619123e+18,2312.0,0.0,2.8953304629752197e+18,2397.0,0.0,2.9074094386238387e+18,2407.0,0.0,2.9810911900804495e+18,2468.0,0.0,2.9895464730344904e+18,2475.0,0.0,2.8977462581049416e+18,2399.0,0.0,2.8929146678454876e+18,2395.0,0.0,2.9557253412183393e+18,2447.0,0.0,2.855469843334758e+18,2364.0,0.0,2.952101648523752e+18,2444.0,0.0,2.902577848364393e+18,2403.0,0.0,2.85063825307531e+18,2360.0,0.0,2.988338575469624e+18,2474.0,0.0,2.7576301405809e+18,2283.0,0.0,2.9158647215778796e+18,2414.0,0.0,2.877211999502281e+18,2382.0,0.0,2.944854263134577e+18,2438.0,0.0,2.9521016485237524e+18,2444.0,0.0,2.8470145603807227e+18,2357.0,0.0,2.929151594791366e+18,2425.0,0.0,3.0137044243316567e+18,2495.0,0.0,2.9810911900804495e+18,2468.0,0.0,2.8832514873265884e+18,2387.0,0.0,2.831311892037506e+18,2344.0,0.0,2.857885638464483e+18,2366.0,0.0,2.8603014335942026e+18,2368.0,0.0,2.847014560380718e+18,2357.0,0.0,2.8590935360293396e+18,2367.0,0.0,2.5410403146279537e+18,5535.0,0.0,3.3945394916007936e+18,43095.0,0.0,8.297941832919482e+18,329830.0,6867.0,3.152542699286386e+18,6867.0,11641.0,5.344218663520144e+18,11641.0,100000.0,
0.0,2.867548818983382e+18,2374.0,0.0,2.772124911359249e+18,2295.0,0.0,2.977467497385861e+18,2465.0,0.0,2.8566777408996204e+18,2365.0,0.0,2.9231121069670554e+18,2420.0,0.0,2.9231121069670564e+18,2420.0,0.0,2.9665964193021005e+18,2456.0,0.0,2.8071539407402624e+18,2324.0,0.0,2.8735883068076943e+18,2379.0,0.0,2.954517443653478e+18,2446.0,0.0,2.8917067702806277e+18,2394.0,0.0,2.872380409242832e+18,2378.0,0.0,2.8747962043725604e+18,2380.0,0.0,3.043901863453294e+18,2520.0,0.0,2.8989541556697994e+18,2400.0,0.0,2.854261945769896e+18,2363.0,0.0,2.849430355510446e+18,2359.0,0.0,2.8445987652509967e+18,2355.0,0.0,2.821648711518611e+18,2336.0,0.0,2.859093536029347e+18,2367.0,0.0,2.867548818983382e+18,2374.0,0.0,2.868756716548242e+18,2375.0,0.0,2.8554698433347584e+18,2364.0,0.0,2.930359492356228e+18,2426.0,0.0,2.7950749650916367e+18,2314.0,0.0,2.863925126288796e+18,2371.0,0.0,2.7624617308403533e+18,2287.0,0.0,2.9158647215778796e+18,2414.0,0.0,2.863925126288721e+18,2371.0,0.0,2.8687567165482445e+18,2375.0,0.0,2.803530248045669e+18,2321.0,0.0,2.912241028883288e+18,2411.0,0.0,2.8590935360293453e+18,2367.0,0.0,2.8965383605400755e+18,2398.0,0.0,2.809569735869983e+18,2326.0,0.0,2.821648711518605e+18,2336.0,0.0,2.5662900377182044e+18,5590.0,0.0,3.3768952905074284e+18,42871.0,0.0,8.210114422014708e+18,326339.0,6616.0,3.0373121448199695e+18,6616.0,11725.0,5.382781876967073e+18,11725.0,100000.0,
